StartTime,Open,High,Low,Close,Duration_Sec,Efficiency
2004-01-01 00:00:05.384,1.25942,1.2595799,1.25821,1.258935,18109,0.006024159
2004-01-01 05:01:54.884,1.2590001,1.259505,1.247005,1.2471,7863,0.12684776
2004-01-01 07:12:59.730,1.24705,1.259405,1.24691,1.2586,15673,0.11537555
2004-01-01 11:34:13.301,1.25854,1.2604,1.2572,1.25934,15473,0.008971913
2004-01-01 15:52:07.509,1.2594,1.2594049,1.258585,1.259105,987,0.0055470015
2004-01-01 16:08:35.357,1.2590599,1.259405,1.2588999,1.258935,1572,0.0019942229
2004-01-01 16:34:48.488,1.258995,1.2596049,1.25571,1.25861,5393,0.004794277
2004-01-01 18:04:41.720,1.25874,1.25895,1.253645,1.254125,1308,0.05005864
2004-01-01 18:26:31.074,1.254075,1.255605,1.2537501,1.2541599,817,0.0011006406
2004-01-01 18:40:08.528,1.2541499,1.25445,1.253695,1.25372,825,0.008042357
2004-01-01 18:53:54.327,1.25371,1.25483,1.25371,1.2546,1017,0.013139878
2004-01-01 19:10:52.271,1.2544999,1.25478,1.254175,1.2546101,798,0.0018402928
2004-01-01 19:24:10.937,1.25457,1.25523,1.25412,1.25435,2706,0.0033937816
2004-01-01 20:09:17.770,1.2543399,1.25528,1.25405,1.25498,2188,0.010416768
2004-01-01 20:45:46.353,1.2549801,1.25513,1.2528701,1.254,3483,0.012295351
2004-01-01 21:43:53.754,1.2539401,1.25607,1.25385,1.25581,3874,0.025941852
2004-01-01 22:48:28.810,1.2558601,1.259105,1.25543,1.2574201,3876,0.018586589
2004-01-01 23:53:07.199,1.25754,1.259285,1.2567,1.25686,3854,0.009183647
2004-01-02 00:57:30.858,1.2567,1.25695,1.2530999,1.2553201,3528,0.0147665115
2004-01-02 01:56:22.870,1.25518,1.255505,1.2520599,1.25246,3595,0.03209544
2004-01-02 02:56:41.116,1.252485,1.2563701,1.2521,1.255945,3755,0.03760774
2004-01-02 03:59:16.704,1.25597,1.256765,1.2553401,1.256175,3696,0.0027427666
2004-01-02 05:00:54.015,1.256225,1.25706,1.2554,1.25558,3848,0.009172321
2004-01-02 06:05:03.215,1.25555,1.25699,1.2550099,1.25667,3575,0.014630378
2004-01-02 07:04:47.586,1.256685,1.2585499,1.25534,1.25844,3758,0.016772315
2004-01-02 08:07:26.168,1.2586501,1.261145,1.257455,1.2605801,3678,0.020038964
2004-01-02 09:08:46.069,1.2609799,1.26268,1.26017,1.2616501,3763,0.0071536363
2004-01-02 10:11:29.735,1.2616999,1.2623401,1.2609501,1.261155,3759,0.0063612894
2004-01-02 11:14:18.729,1.261145,1.2616351,1.2590849,1.2595799,3712,0.01734037
2004-01-02 12:16:16.215,1.25957,1.2597849,1.2570701,1.2590201,3550,0.0054860567
2004-01-02 13:15:26.543,1.25879,1.2611301,1.2574501,1.26102,3648,0.02486455
2004-01-02 14:16:16.263,1.26108,1.26155,1.2567999,1.25709,3634,0.04015134
2004-01-02 15:16:57.648,1.25705,1.26021,1.256185,1.2583649,2710,0.011885418
2004-01-02 16:02:07.846,1.25829,1.2588401,1.2581999,1.25863,227,0.005166105
2004-01-02 16:05:55.022,1.25862,1.2593,1.2585499,1.25881,227,0.0028135304
2004-01-02 16:09:42.315,1.25886,1.25922,1.2583799,1.258575,349,0.00495839
2004-01-02 16:15:32.255,1.25858,1.2587099,1.25805,1.258295,385,0.0043446487
2004-01-02 16:21:58.104,1.2583799,1.26022,1.25827,1.259585,286,0.012388799
2004-01-02 16:26:44.556,1.25981,1.25984,1.25916,1.25932,420,0.007995269
2004-01-02 16:33:44.864,1.25934,1.2595301,1.258895,1.2590799,500,0.0037273786
2004-01-02 16:42:06.256,1.25927,1.25934,1.25843,1.258715,629,0.00796954
2004-01-02 16:52:37.172,1.2588501,1.2593,1.25839,1.258855,645,8.042606e-05
2004-01-02 17:03:22.229,1.258715,1.25982,1.25864,1.25928,742,0.009882284
2004-01-02 17:15:46.105,1.25911,1.260015,1.2588799,1.25968,893,0.008847888
2004-01-02 17:30:39.416,1.2597499,1.26085,1.25951,1.26004,812,0.0032038877
2004-01-02 17:44:12.022,1.260005,1.2604101,1.2593651,1.26008,1006,0.0010004183
2004-01-02 18:01:01.942,1.25986,1.26027,1.25842,1.25901,1340,0.011281353
2004-01-02 18:23:23.092,1.25897,1.25975,1.25864,1.2591,628,0.0015798109
2004-01-02 18:33:51.840,1.259205,1.26004,1.25886,1.259485,782,0.003921084
2004-01-02 18:46:54.825,1.25949,1.25966,1.25882,1.2594249,582,0.0010344279
2004-01-02 18:56:37.815,1.2594249,1.259505,1.25875,1.2591,480,0.005639012
2004-01-02 19:04:39.175,1.259025,1.25975,1.25849,1.259405,1024,0.0056885094
2004-01-02 19:21:44.130,1.25939,1.25981,1.25882,1.259485,1282,0.0014581126
2004-01-02 19:43:06.341,1.259385,1.2597101,1.25822,1.25822,1367,0.017011402
2004-01-02 20:05:56.797,1.25825,1.25904,1.2578,1.25884,1822,0.008241891
2004-01-02 20:36:19.328,1.2588999,1.25941,1.25792,1.25808,2486,0.009987251
2004-01-02 21:17:46.765,1.2581501,1.25894,1.25755,1.258785,176861,0.0080864085
2004-01-04 22:25:31.662,1.25862,1.2626901,1.25844,1.2623899,3722,0.047828335
2004-01-04 23:27:41.519,1.262425,1.26677,1.26239,1.26583,3562,0.036363173
2004-01-05 00:27:06.727,1.26586,1.26594,1.26475,1.265195,3617,0.0077942256
2004-01-05 01:27:25.352,1.26513,1.26649,1.2641599,1.2648699,3579,0.0031178822
2004-01-05 02:27:05.470,1.2649901,1.26596,1.26463,1.265275,3670,0.0034983766
2004-01-05 03:28:16.517,1.26523,1.2664549,1.26479,1.266225,3581,0.0118037695
2004-01-05 04:27:58.246,1.26618,1.267045,1.26502,1.2652,3855,0.012036304
2004-01-05 05:32:13.808,1.26529,1.266245,1.2651501,1.2658701,3722,0.006859917
2004-01-05 06:34:22.967,1.26594,1.26793,1.2654951,1.267245,3667,0.014668092
2004-01-05 07:35:56.505,1.26729,1.26929,1.265075,1.2660401,3655,0.012585962
2004-01-05 08:36:52.715,1.266,1.266,1.2632,1.26512,3786,0.009573511
2004-01-05 09:40:01.116,1.26478,1.26706,1.2646201,1.26618,3643,0.015931671
2004-01-05 10:40:45.538,1.26625,1.2682049,1.26618,1.2668,3503,0.0057364516
2004-01-05 11:39:09.306,1.26676,1.2688401,1.26666,1.267585,3718,0.00831996
2004-01-05 12:41:21.232,1.26755,1.26789,1.26508,1.26632,3529,0.0140506355
2004-01-05 13:40:17.366,1.266305,1.267215,1.26407,1.265905,3663,0.0038924953
2004-01-05 14:41:22.193,1.2659,1.2674899,1.26509,1.265435,3651,0.0050482503
2004-01-05 15:42:14.687,1.2657,1.26729,1.2649801,1.266415,1280,0.011603747
2004-01-05 16:03:35.719,1.266345,1.2667401,1.26607,1.266475,234,0.0021457453
2004-01-05 16:07:30.481,1.266505,1.26745,1.26635,1.2673249,251,0.012629732
2004-01-05 16:11:42.290,1.267355,1.26792,1.2669001,1.2678599,399,0.0061425846
2004-01-05 16:18:22.683,1.267515,1.2683401,1.2672999,1.26782,336,0.003512953
2004-01-05 16:23:58.874,1.26789,1.26794,1.26685,1.267005,342,0.009457686
2004-01-05 16:29:41.263,1.267295,1.2673349,1.26644,1.266685,393,0.0109999245
2004-01-05 16:36:14.825,1.26651,1.267235,1.2664299,1.26668,672,0.0018850366
2004-01-05 16:47:27.459,1.26682,1.26723,1.2663901,1.26711,536,0.0038733957
2004-01-05 16:56:24.168,1.2670851,1.2681551,1.26671,1.2676101,662,0.0057877763
2004-01-05 17:07:26.749,1.26764,1.2683401,1.2673,1.26808,818,0.006734775
2004-01-05 17:21:05.535,1.26807,1.2686,1.2676799,1.26822,810,0.00241831
2004-01-05 17:34:37.595,1.268215,1.2686651,1.2677801,1.268075,1118,0.0019032859
2004-01-05 17:53:44.761,1.2680249,1.2684901,1.2672,1.26759,1002,0.0068662288
2004-01-05 18:10:26.834,1.26765,1.26788,1.26647,1.266685,1191,0.013290777
2004-01-05 18:30:18.108,1.266655,1.26694,1.26589,1.2664299,528,0.0030674648
2004-01-05 18:39:06.203,1.26653,1.266775,1.2662699,1.266685,718,0.0028420147
2004-01-05 18:51:06.491,1.266445,1.2669101,1.266145,1.26624,498,0.0030362622
2004-01-05 18:59:25.697,1.26618,1.2667451,1.26597,1.2663,874,0.0016900462
2004-01-05 19:14:00.810,1.2662001,1.26688,1.266135,1.26682,878,0.010235173
2004-01-05 19:28:39.760,1.266925,1.268025,1.26653,1.26724,1363,0.004920789
2004-01-05 19:51:23.502,1.2672701,1.2676101,1.26599,1.2665999,1733,0.008173745
2004-01-05 20:20:16.952,1.2664349,1.26666,1.2658,1.26612,1719,0.0038869404
2004-01-05 20:48:56.590,1.26602,1.2669001,1.265085,1.266545,3205,0.0053515574
2004-01-05 21:42:21.793,1.2666,1.2687299,1.26614,1.26832,3762,0.02189431
2004-01-05 22:45:05.228,1.26822,1.268875,1.26724,1.26806,3825,0.0018103577
2004-01-05 23:48:54.587,1.26812,1.2688401,1.267415,1.268085,3598,0.00045426312
2004-01-06 00:48:54.610,1.26809,1.26844,1.2669001,1.2672801,3461,0.010300089
2004-01-06 01:46:37.142,1.2673199,1.26832,1.26658,1.2678599,3577,0.0067441426
2004-01-06 02:46:18.198,1.26797,1.26859,1.2674451,1.2681301,3859,0.0021703753
2004-01-06 03:50:37.945,1.26824,1.26842,1.2671101,1.2675049,3804,0.009924799
2004-01-06 04:54:03.100,1.267585,1.26895,1.2674,1.26862,3995,0.012476791
2004-01-06 06:00:40.719,1.2687299,1.27085,1.26799,1.2704599,3642,0.020181006
2004-01-06 07:01:24.022,1.27054,1.2722499,1.26982,1.2711799,3681,0.0064638252
2004-01-06 08:02:50.900,1.2711,1.2718899,1.27063,1.271255,3618,0.0016878777
2004-01-06 09:03:17.022,1.2711,1.27373,1.27087,1.27331,3759,0.025294451
2004-01-06 10:05:56.261,1.2732501,1.27562,1.2730501,1.27532,3572,0.02336748
2004-01-06 11:05:29.154,1.2755301,1.27602,1.27386,1.2745199,3629,0.0117107285
2004-01-06 12:06:00.345,1.2744501,1.27614,1.27427,1.2755799,3519,0.011205826
2004-01-06 13:04:41.297,1.275655,1.280155,1.27441,1.27848,3677,0.024999315
2004-01-06 14:05:58.961,1.2785599,1.28088,1.276145,1.278,3615,0.004809095
2004-01-06 15:06:22.748,1.2780399,1.2783401,1.2739799,1.274715,3313,0.03458289
2004-01-06 16:01:36.842,1.274725,1.275615,1.27444,1.27527,226,0.006835511
2004-01-06 16:05:23.221,1.27526,1.2764499,1.2751,1.27618,209,0.010649424
2004-01-06 16:08:54.282,1.2760601,1.2764399,1.27529,1.27602,328,0.00040301686
2004-01-06 16:14:23.926,1.27582,1.2769,1.27538,1.27652,370,0.007542555
2004-01-06 16:20:38.046,1.2766299,1.277105,1.2760799,1.2767799,309,0.0015999877
2004-01-06 16:25:48.067,1.2767,1.2771001,1.27578,1.27585,396,0.009782212
2004-01-06 16:32:24.781,1.27601,1.27602,1.27479,1.275125,502,0.012220294
2004-01-06 16:40:47.128,1.2751601,1.27639,1.27457,1.276095,653,0.011441834
2004-01-06 16:51:47.093,1.275985,1.27772,1.2758,1.277105,512,0.013433269
2004-01-06 17:00:20.098,1.277065,1.27746,1.27672,1.2771001,702,0.00048239742
2004-01-06 17:12:02.425,1.27706,1.27777,1.27578,1.27619,938,0.012539519
2004-01-06 17:27:41.011,1.27625,1.2773399,1.2758,1.276745,788,0.0053629694
2004-01-06 17:40:50.806,1.276695,1.27725,1.2762201,1.277065,1092,0.0037218314
2004-01-06 17:59:04.050,1.27701,1.27723,1.275395,1.27542,1161,0.020520126
2004-01-06 18:18:26.315,1.275465,1.2760501,1.275175,1.2757599,830,0.004376933
2004-01-06 18:32:17.065,1.27587,1.276775,1.2757101,1.276365,730,0.005727067
2004-01-06 18:44:28.331,1.2764399,1.27668,1.2761099,1.2762301,642,0.0037358897
2004-01-06 18:55:11.230,1.2762401,1.2766,1.27585,1.2762051,435,0.00054587383
2004-01-06 19:02:26.642,1.276195,1.2769201,1.27562,1.276795,1080,0.007917219
2004-01-06 19:20:27.186,1.2769,1.277025,1.27554,1.27616,1092,0.010230955
2004-01-06 19:38:40.158,1.2762101,1.27633,1.2753999,1.2761,1398,0.0015646747
2004-01-06 20:01:58.940,1.27604,1.27624,1.2751701,1.2755699,1823,0.0056800586
2004-01-06 20:32:22.863,1.27562,1.27592,1.27331,1.2741499,2035,0.01554378
2004-01-06 21:06:19.984,1.27403,1.27442,1.2722199,1.27239,3615,0.019168096
2004-01-06 22:06:36.937,1.2724099,1.2735,1.27196,1.27224,3603,0.0019925416
2004-01-06 23:06:41.493,1.27232,1.27281,1.271055,1.27179,3535,0.005951568
2004-01-07 00:05:38.008,1.2718201,1.27344,1.27163,1.271845,3612,0.00030046652
2004-01-07 01:05:50.989,1.2717,1.27177,1.26981,1.27021,3457,0.018406462
2004-01-07 02:03:35.621,1.2702701,1.27123,1.26868,1.27051,3683,0.0026856102
2004-01-07 03:04:59.684,1.2706101,1.2722,1.27028,1.27212,3754,0.018486895
2004-01-07 04:07:35.393,1.27202,1.272845,1.27115,1.27142,3735,0.0074575227
2004-01-07 05:09:51.700,1.2713699,1.27214,1.27088,1.271875,3762,0.0064140894
2004-01-07 06:12:44.385,1.27178,1.27402,1.27151,1.2736399,3666,0.02154651
2004-01-07 07:13:58.133,1.27373,1.27409,1.26967,1.26991,3710,0.04090947
2004-01-07 08:15:53.714,1.2701,1.2701,1.2655599,1.26758,3672,0.022373455
2004-01-07 09:17:06.669,1.2676699,1.2678299,1.2650299,1.2651501,3746,0.025488844
2004-01-07 10:19:36.287,1.2653301,1.267205,1.2648201,1.26693,3631,0.015834887
2004-01-07 11:20:09.908,1.26703,1.2674451,1.265635,1.26702,3922,0.00011419156
2004-01-07 12:25:33.571,1.26686,1.268365,1.26646,1.26762,3590,0.008586726
2004-01-07 13:25:24.163,1.26756,1.26996,1.266655,1.269135,3629,0.015109721
2004-01-07 14:26:05.073,1.26887,1.27005,1.26682,1.268055,3722,0.008251436
2004-01-07 15:28:08.327,1.26812,1.2695501,1.2678399,1.2685649,2079,0.0053242636
2004-01-07 16:02:47.845,1.2686701,1.26894,1.268375,1.26881,240,0.0021782774
2004-01-07 16:06:48.790,1.2688,1.2690101,1.26828,1.2683599,219,0.006451455
2004-01-07 16:10:28.760,1.268345,1.2692399,1.26829,1.2690101,363,0.0103877485
2004-01-07 16:16:32.302,1.26897,1.26932,1.26799,1.2681601,392,0.010084398
2004-01-07 16:23:04.448,1.2681799,1.2687199,1.26795,1.2683401,292,0.002239388
2004-01-07 16:27:57.366,1.26845,1.2690401,1.26827,1.2685299,399,0.0013267904
2004-01-07 16:34:37.519,1.2685299,1.2690201,1.26782,1.26799,524,0.0072341887
2004-01-07 16:43:22.269,1.26808,1.2688351,1.26757,1.2676699,673,0.004907443
2004-01-07 16:54:35.660,1.26788,1.2681,1.2660301,1.2662599,647,0.018590258
2004-01-07 17:05:23.282,1.26637,1.26723,1.26599,1.26685,778,0.0071096825
2004-01-07 17:18:21.820,1.266835,1.26734,1.2665701,1.266825,810,0.0001395641
2004-01-07 17:31:52.844,1.2669849,1.26713,1.26625,1.266955,988,0.000481887
2004-01-07 17:48:22.385,1.266605,1.26724,1.26621,1.2665,997,0.00141264
2004-01-07 18:05:01.194,1.26636,1.266955,1.2657449,1.26618,1378,0.0024167502
2004-01-07 18:27:59.694,1.26608,1.266935,1.2660401,1.26677,498,0.0093917735
2004-01-07 18:36:18.360,1.2667401,1.26688,1.26572,1.266,764,0.010318222
2004-01-07 18:49:02.973,1.2659299,1.26624,1.264985,1.265185,521,0.011053466
2004-01-07 18:57:45.420,1.265235,1.26566,1.2646899,1.26523,700,6.721764e-05
2004-01-07 19:09:26.890,1.26531,1.2657299,1.263255,1.2634499,830,0.018818274
2004-01-07 19:23:17.690,1.263445,1.26573,1.26326,1.26457,1342,0.010667725
2004-01-07 19:45:41.171,1.2648599,1.2653501,1.263545,1.26461,1514,0.003147355
2004-01-07 20:10:55.708,1.26451,1.2646799,1.2632201,1.2635701,1790,0.011239447
2004-01-07 20:40:46.289,1.2636399,1.2641699,1.2632401,1.2637401,2797,0.0011828088
2004-01-07 21:27:23.681,1.2637,1.26442,1.26175,1.262385,3727,0.013814912
2004-01-07 22:29:39.662,1.2622399,1.2655301,1.261855,1.2646699,3621,0.02842053
2004-01-07 23:30:05.435,1.264725,1.26477,1.26211,1.2623401,3623,0.026257487
2004-01-08 00:30:48.318,1.26243,1.26336,1.2592599,1.2604,3615,0.018505156
2004-01-08 01:31:04.477,1.2602501,1.260925,1.2587,1.25904,3586,0.013712323
2004-01-08 02:31:06.602,1.25928,1.25959,1.25799,1.258415,3707,0.010024398
2004-01-08 03:32:54.453,1.25845,1.2599001,1.2581501,1.25934,3629,0.0107464045
2004-01-08 04:33:24.905,1.2593501,1.25968,1.2581401,1.2585001,3889,0.010882804
2004-01-08 05:38:23.054,1.25858,1.2603099,1.2578349,1.2602401,3708,0.019489571
2004-01-08 06:40:12.106,1.260175,1.26124,1.25857,1.25892,3670,0.013625057
2004-01-08 07:41:24.039,1.259035,1.26126,1.25839,1.25998,3763,0.010280959
2004-01-08 08:44:08.497,1.2599101,1.26011,1.2558501,1.2574999,3835,0.024768826
2004-01-08 09:48:04.129,1.2576101,1.2581799,1.25694,1.2577,3694,0.0010864428
2004-01-08 10:49:38.855,1.2576001,1.2588401,1.2569201,1.2579999,3486,0.0043552783
2004-01-08 11:47:46.509,1.25811,1.263385,1.25759,1.262195,3581,0.040170494
2004-01-08 12:47:28.431,1.26249,1.26897,1.26173,1.26835,3560,0.048514236
2004-01-08 13:46:50.006,1.26827,1.274445,1.268125,1.27353,3629,0.045932453
2004-01-08 14:47:20.841,1.27372,1.27372,1.2706399,1.2715,3618,0.019479739
2004-01-08 15:47:40.907,1.27141,1.2725401,1.271395,1.2720201,970,0.0064843907
2004-01-08 16:03:51.419,1.27208,1.2723501,1.27143,1.2715399,237,0.008493867
2004-01-08 16:07:48.864,1.27156,1.27279,1.27151,1.2721701,282,0.010135296
2004-01-08 16:12:31.709,1.2725,1.27392,1.2720001,1.27367,381,0.010305316
2004-01-08 16:18:53.687,1.27354,1.27414,1.2732949,1.2736499,331,0.0015060044
2004-01-08 16:24:25.058,1.273535,1.2741499,1.27332,1.2739849,345,0.0073507642
2004-01-08 16:30:10.806,1.27419,1.27421,1.27328,1.2733049,424,0.014730509
2004-01-08 16:37:14.980,1.2732949,1.2760401,1.2732699,1.275765,660,0.02563576
2004-01-08 16:48:15.724,1.275745,1.27754,1.2755599,1.27712,546,0.018823152
2004-01-08 16:57:26.062,1.27739,1.27771,1.276495,1.2771399,647,0.0028815356
2004-01-08 17:08:13.745,1.277245,1.2776201,1.276085,1.276525,822,0.006215207
2004-01-08 17:21:56.144,1.2766249,1.27702,1.275795,1.276255,829,0.0035715478
2004-01-08 17:35:46.203,1.2763801,1.27791,1.2759,1.2771,1231,0.008799936
2004-01-08 17:56:18.061,1.277095,1.27737,1.2760899,1.276345,955,0.009022084
2004-01-08 18:12:13.773,1.27635,1.27682,1.275845,1.276535,1103,0.0026264663
2004-01-08 18:30:37.861,1.27655,1.276935,1.27554,1.27585,543,0.008041721
2004-01-08 18:39:41.001,1.2757299,1.2764399,1.2756801,1.276165,793,0.0071796407
2004-01-08 18:52:55.790,1.276125,1.2762599,1.2755,1.275635,429,0.008493385
2004-01-08 19:00:05.790,1.2756851,1.27613,1.27443,1.27474,891,0.010588681
2004-01-08 19:14:57.428,1.27469,1.276415,1.27456,1.2761099,1047,0.01881101
2004-01-08 19:32:24.656,1.2764399,1.277355,1.27579,1.2759299,1303,0.0067282557
2004-01-08 19:54:08.345,1.27589,1.27642,1.27545,1.276095,1725,0.0027392374
2004-01-08 20:22:53.803,1.2760999,1.27671,1.2755599,1.27618,1791,0.00095579994
2004-01-08 20:52:45.720,1.27615,1.27668,1.27545,1.2757001,3365,0.004825038
2004-01-08 21:48:58.050,1.275675,1.2775149,1.27559,1.27677,3794,0.014094535
2004-01-08 22:52:13.991,1.2767799,1.27845,1.27672,1.27695,3656,0.0019661686
2004-01-08 23:53:11.279,1.27713,1.2772,1.27537,1.2757399,3821,0.01796208
2004-01-09 00:56:56.690,1.2757599,1.27677,1.2753899,1.27607,3504,0.003860534
2004-01-09 01:55:21.737,1.2761049,1.27671,1.27566,1.27651,3615,0.005352412
2004-01-09 02:55:37.425,1.2764599,1.27661,1.27569,1.2760799,3921,0.0048597115
2004-01-09 04:00:59.843,1.2760301,1.27634,1.27484,1.2749901,3805,0.014082915
2004-01-09 05:04:26.615,1.2749901,1.27537,1.2711201,1.2736499,3735,0.012556264
2004-01-09 06:06:46.449,1.27385,1.2742901,1.2715499,1.27316,3609,0.007975549
2004-01-09 07:06:57.268,1.27317,1.2736299,1.27139,1.2716401,3665,0.016393526
2004-01-09 08:08:10.411,1.27175,1.27321,1.2702899,1.272785,3672,0.010836029
2004-01-09 09:09:24.183,1.27265,1.274925,1.27229,1.27454,3795,0.020090071
2004-01-09 10:12:40.085,1.27466,1.275295,1.27274,1.2746501,3765,9.99019e-05
2004-01-09 11:15:35.474,1.2748001,1.27636,1.27392,1.2741699,3750,0.0066052377
2004-01-09 12:18:06.077,1.27407,1.27531,1.27279,1.2734749,3577,0.0061677755
2004-01-09 13:17:48.655,1.2734749,1.2845399,1.27268,1.2820101,3662,0.051743127
2004-01-09 14:18:52.015,1.28196,1.283385,1.28108,1.28283,3662,0.008021525
2004-01-09 15:19:56.143,1.28291,1.2853,1.28245,1.2848599,2538,0.017458621
2004-01-09 16:02:14.639,1.2848201,1.28658,1.28404,1.2862,225,0.010491855
2004-01-09 16:06:00.594,1.28641,1.2867,1.285955,1.286125,226,0.0036915753
2004-01-09 16:09:47.187,1.286265,1.286265,1.2853501,1.2858,353,0.0062295296
2004-01-09 16:15:40.734,1.2857599,1.28582,1.2830701,1.284805,383,0.005205287
2004-01-09 16:22:04.980,1.2846999,1.28532,1.2844,1.2850101,284,0.0036243794
2004-01-09 16:26:50.093,1.28502,1.2853999,1.283775,1.2850101,420,9.801363e-05
2004-01-09 16:33:50.926,1.28503,1.28503,1.283185,1.283535,499,0.01829908
2004-01-09 16:42:10.288,1.28345,1.285075,1.283155,1.284905,663,0.01230158
2004-01-09 16:53:15.038,1.28492,1.2859399,1.2846899,1.2851801,625,0.0027458076
2004-01-09 17:03:41.053,1.28526,1.28583,1.28457,1.2850101,739,0.0033322521
2004-01-09 17:16:01.083,1.2849901,1.28531,1.283965,1.284175,894,0.0102932295
2004-01-09 17:30:55.765,1.284255,1.28475,1.28318,1.284215,838,0.00043817895
2004-01-09 17:44:53.977,1.284255,1.285245,1.283595,1.283595,975,0.0075691813
2004-01-09 18:01:09.246,1.28352,1.2845199,1.28343,1.28372,1349,0.0026099184
2004-01-09 18:23:41.178,1.28387,1.2839501,1.283015,1.2833099,621,0.005808878
2004-01-09 18:34:02.412,1.28335,1.28432,1.28322,1.28403,789,0.007265946
2004-01-09 18:47:11.772,1.28389,1.2844601,1.28362,1.283865,578,0.0003738158
2004-01-09 18:56:50.753,1.283845,1.28425,1.2836599,1.2839401,510,0.0013641072
2004-01-09 19:05:21.749,1.2839301,1.28441,1.283505,1.283825,1005,0.0012554454
2004-01-09 19:22:12.210,1.2836549,1.283945,1.28215,1.28287,1272,0.009663452
2004-01-09 19:43:24.991,1.28311,1.2848,1.28263,1.2848,1380,0.016379086
2004-01-09 20:06:25.762,1.284585,1.284955,1.28409,1.28462,1851,0.0004943453
2004-01-09 20:37:17.456,1.28447,1.2848,1.28285,1.2830501,2575,0.018100915
2004-01-09 21:20:20.753,1.2829499,1.285645,1.28127,1.284685,176538,0.020256832
2004-01-11 22:22:49.581,1.2846401,1.284915,1.2836599,1.284485,4036,0.0020276136
2004-01-11 23:30:15.273,1.28441,1.2853,1.28369,1.2841799,3777,0.0029354594
2004-01-12 00:33:21.310,1.284225,1.28455,1.28301,1.2843399,3725,0.0014508197
2004-01-12 01:35:27.124,1.28424,1.28441,1.2825301,1.283565,3601,0.008506687
2004-01-12 02:35:28.733,1.283615,1.2844,1.28316,1.2838199,3790,0.0026055917
2004-01-12 03:38:42.748,1.28374,1.2848699,1.28339,1.284555,3722,0.011049902
2004-01-12 04:40:52.733,1.28466,1.28482,1.283885,1.28433,3931,0.0044944114
2004-01-12 05:46:43.391,1.28439,1.28457,1.28314,1.2840049,3840,0.005013348
2004-01-12 06:50:56.674,1.28404,1.28685,1.28354,1.28558,3772,0.016403018
2004-01-12 07:53:49.447,1.28563,1.289635,1.28563,1.2881501,3739,0.026339332
2004-01-12 08:56:09.667,1.2882199,1.289345,1.28758,1.2883799,3581,0.0016853919
2004-01-12 09:56:10.337,1.2885201,1.28914,1.287035,1.2874,3743,0.012030914
2004-01-12 10:58:51.467,1.2872,1.2878201,1.2844901,1.285475,3596,0.018418714
2004-01-12 11:58:48.978,1.28555,1.287675,1.28273,1.283255,3562,0.021512056
2004-01-12 12:58:21.818,1.283475,1.283475,1.2785699,1.2790799,3647,0.04099758
2004-01-12 13:59:10.647,1.27895,1.28071,1.27666,1.279855,3675,0.008468866
2004-01-12 15:00:28.741,1.27984,1.2811999,1.2788999,1.280275,3658,0.004465351
2004-01-12 16:01:27.097,1.280305,1.280805,1.280205,1.280405,207,0.001396669
2004-01-12 16:04:54.762,1.2804201,1.28072,1.2795451,1.2799201,225,0.0063402317
2004-01-12 16:08:40.549,1.2797799,1.28064,1.27967,1.280275,326,0.0064049475
2004-01-12 16:14:07.613,1.28051,1.2811949,1.27986,1.2804301,370,0.000793166
2004-01-12 16:20:18.442,1.28021,1.28041,1.27966,1.28,310,0.0029664799
2004-01-12 16:25:29.464,1.280015,1.2802501,1.2794399,1.2797401,394,0.0036668596
2004-01-12 16:32:03.721,1.2797201,1.28023,1.2795401,1.27998,479,0.0033229175
2004-01-12 16:40:03.523,1.2799649,1.28064,1.27975,1.28027,677,0.0037983758
2004-01-12 16:51:21.800,1.28006,1.28043,1.2797949,1.2800751,517,0.00023715862
2004-01-12 16:59:59.323,1.280085,1.2804999,1.27908,1.2797999,685,0.0033856544
2004-01-12 17:11:26.795,1.27953,1.28003,1.2788601,1.278945,936,0.007229874
2004-01-12 17:27:03.619,1.278925,1.2801,1.2788401,1.2797899,801,0.011927501
2004-01-12 17:40:25.566,1.2797401,1.2806699,1.2786,1.278705,1104,0.011019021
2004-01-12 17:58:49.948,1.2786701,1.27922,1.2774401,1.278065,1073,0.0078011896
2004-01-12 18:16:46.946,1.27809,1.27895,1.27794,1.278895,922,0.011171826
2004-01-12 18:32:09.848,1.2789149,1.2793,1.27712,1.277345,721,0.020208498
2004-01-12 18:44:11.580,1.27724,1.27789,1.27585,1.2766099,641,0.006659662
2004-01-12 18:54:53.164,1.27654,1.27654,1.27529,1.27585,435,0.007530222
2004-01-12 19:02:08.818,1.27578,1.276655,1.27507,1.275415,1068,0.0048566633
2004-01-12 19:19:57.957,1.27534,1.27566,1.27442,1.2748101,1040,0.0066344375
2004-01-12 19:37:18.736,1.2744501,1.27564,1.2744501,1.2752199,1420,0.009101595
2004-01-12 20:00:59.624,1.27513,1.27546,1.27337,1.273955,1769,0.0141568845
2004-01-12 20:30:29.696,1.273895,1.274945,1.2734799,1.274035,1991,0.0018904991
2004-01-12 21:03:43.074,1.274155,1.275655,1.27381,1.27474,3700,0.007307205
2004-01-12 22:05:34.408,1.2748001,1.2748101,1.2732,1.2741051,3693,0.008227607
2004-01-12 23:07:09.340,1.273995,1.274305,1.2732501,1.27362,3612,0.004791685
2004-01-13 00:07:22.025,1.27374,1.2744601,1.27135,1.272055,3632,0.017928785
2004-01-13 01:07:54.306,1.2720749,1.27315,1.2713201,1.27302,3460,0.011892297
2004-01-13 02:05:36.570,1.272955,1.27614,1.272755,1.2759,3546,0.03236117
2004-01-13 03:04:48.608,1.2759099,1.2762201,1.27491,1.2762,3681,0.0035615829
2004-01-13 04:06:11.731,1.2759299,1.276875,1.27581,1.2760501,3684,0.0014551166
2004-01-13 05:07:36.984,1.2760799,1.2763901,1.2746501,1.275905,3648,0.0020897703
2004-01-13 06:08:31.270,1.27606,1.27649,1.2754,1.27559,3667,0.006084623
2004-01-13 07:09:39.337,1.27565,1.2765651,1.2734599,1.2742,3735,0.015395558
2004-01-13 08:11:56.340,1.27406,1.27952,1.27326,1.27917,3902,0.04872332
2004-01-13 09:17:05.456,1.27896,1.279165,1.274075,1.27491,3735,0.042641047
2004-01-13 10:19:32.553,1.27455,1.2752349,1.271925,1.272195,3601,0.024667386
2004-01-13 11:19:40.325,1.27249,1.274255,1.27193,1.2734799,3734,0.010994976
2004-01-13 12:22:14.742,1.27351,1.27642,1.2734499,1.2756801,3491,0.021170987
2004-01-13 13:20:27.075,1.27583,1.27773,1.2748599,1.27647,3587,0.0062350165
2004-01-13 14:20:16.554,1.2766399,1.27789,1.2744,1.27671,3761,0.0006114885
2004-01-13 15:23:00.575,1.2764299,1.2788401,1.2759349,1.278295,2369,0.017746512
2004-01-13 16:02:30.312,1.278415,1.2785499,1.2773,1.277345,235,0.013955701
2004-01-13 16:06:26.167,1.27736,1.27792,1.27719,1.2776599,219,0.0038681864
2004-01-13 16:10:06.468,1.27767,1.2783201,1.27614,1.276705,368,0.00910071
2004-01-13 16:16:15.002,1.276695,1.277545,1.27596,1.276435,379,0.0024696167
2004-01-13 16:22:42.955,1.2764299,1.2766199,1.2749901,1.27549,272,0.007798235
2004-01-13 16:27:16.154,1.27573,1.27618,1.27467,1.27529,419,0.0036101365
2004-01-13 16:34:16.511,1.2751601,1.27599,1.27438,1.274645,498,0.003474615
2004-01-13 16:42:39.416,1.274765,1.2757001,1.2742801,1.2746999,667,0.00075888773
2004-01-13 16:53:47.006,1.27449,1.27495,1.271165,1.272315,643,0.016077284
2004-01-13 17:04:30.741,1.272485,1.2746999,1.272155,1.2738199,757,0.012158074
2004-01-13 17:17:08.791,1.27374,1.2744,1.272965,1.27419,846,0.006178195
2004-01-13 17:31:15.136,1.2741301,1.27442,1.2729299,1.27326,941,0.009843441
2004-01-13 17:46:56.808,1.2732401,1.27389,1.27238,1.27314,1051,0.0009951993
2004-01-13 18:04:28.738,1.27309,1.274595,1.272895,1.2741799,1296,0.013281387
2004-01-13 18:26:05.872,1.274085,1.275075,1.2738249,1.2741001,520,0.00017811755
2004-01-13 18:34:51.131,1.2743299,1.2757101,1.273805,1.27476,782,0.0049769636
2004-01-13 18:48:09.438,1.27472,1.27512,1.274395,1.27477,537,0.00073215633
2004-01-13 18:57:09.071,1.2747049,1.275435,1.27369,1.27388,590,0.011081397
2004-01-13 19:06:59.353,1.27391,1.274145,1.27339,1.2736349,929,0.004720705
2004-01-13 19:22:28.937,1.27368,1.27473,1.2734001,1.274065,1326,0.004343266
2004-01-13 19:44:36.018,1.274065,1.27489,1.27338,1.2744801,1440,0.0051247934
2004-01-13 20:08:36.444,1.2744701,1.2755799,1.27422,1.275535,1837,0.013723885
2004-01-13 20:39:13.971,1.27538,1.2767899,1.27531,1.2763901,2615,0.010526996
2004-01-13 21:22:50.473,1.27642,1.2774401,1.2762,1.27707,3676,0.0073326617
2004-01-13 22:24:18.067,1.2769849,1.277345,1.27635,1.2769799,3787,6.104988e-05
2004-01-13 23:27:26.121,1.27702,1.2787349,1.2759099,1.27625,3702,0.0077872663
2004-01-14 00:29:10.013,1.27636,1.276525,1.2753601,1.27598,3637,0.0043677096
2004-01-14 01:29:48.112,1.27601,1.2764499,1.27395,1.27401,3478,0.02172185
2004-01-14 02:27:50.284,1.27403,1.2744501,1.27281,1.2732899,3759,0.007344903
2004-01-14 03:30:30.691,1.2732301,1.2736199,1.27261,1.2732401,3600,0.000107974425
2004-01-14 04:30:38.077,1.2732301,1.27376,1.2725799,1.27297,3856,0.003069556
2004-01-14 05:34:55.146,1.273065,1.27369,1.27196,1.2734201,3618,0.003963033
2004-01-14 06:35:17.117,1.27349,1.274475,1.2717,1.27369,3505,0.0020158433
2004-01-14 07:33:55.893,1.27361,1.27397,1.2662699,1.2662699,3666,0.061696082
2004-01-14 08:35:10.924,1.2662001,1.26862,1.26508,1.26722,3762,0.009702374
2004-01-14 09:37:55.105,1.2673099,1.2674799,1.265005,1.2664499,3729,0.008070326
2004-01-14 10:40:04.537,1.26639,1.26783,1.26548,1.26685,3575,0.0046736044
2004-01-14 11:40:07.847,1.26688,1.26893,1.26686,1.267635,3658,0.007438066
2004-01-14 12:41:21.164,1.26771,1.26975,1.2632401,1.26353,3506,0.03485695
2004-01-14 13:39:49.002,1.2634001,1.26738,1.2628601,1.26654,3791,0.027495354
2004-01-14 14:43:01.393,1.26658,1.26916,1.26531,1.2683699,3549,0.016486177
2004-01-14 15:42:11.205,1.2683799,1.269145,1.26684,1.26702,1283,0.013409754
2004-01-14 16:03:34.939,1.2670951,1.26782,1.266855,1.267445,233,0.0049638995
2004-01-14 16:07:28.382,1.26753,1.26862,1.267165,1.26846,249,0.00951944
2004-01-14 16:11:38.143,1.2683,1.26847,1.2678349,1.26818,402,0.0018420855
2004-01-14 16:18:20.630,1.26812,1.26892,1.26806,1.2684901,336,0.0050163222
2004-01-14 16:23:57.308,1.26845,1.26864,1.2676351,1.268145,342,0.003236991
2004-01-14 16:29:40.558,1.26817,1.2711401,1.267805,1.270355,391,0.015180264
2004-01-14 16:36:12.330,1.270565,1.273105,1.27017,1.27212,674,0.010277049
2004-01-14 16:47:27.449,1.27221,1.2727101,1.271765,1.2722,536,0.00010825412
2004-01-14 16:56:23.810,1.27215,1.27304,1.271595,1.271845,653,0.003515192
2004-01-14 17:07:17.929,1.27173,1.2722199,1.27109,1.27162,826,0.001103951
2004-01-14 17:21:04.777,1.2717099,1.2722499,1.27139,1.2721901,808,0.004551371
2004-01-14 17:34:33.457,1.27191,1.2722399,1.271425,1.27174,1110,0.0017205848
2004-01-14 17:53:11.569,1.27209,1.2722499,1.2701,1.2707901,1005,0.011837223
2004-01-14 18:09:57.252,1.2707801,1.27178,1.2698951,1.269935,1215,0.008725063
2004-01-14 18:30:13.246,1.270005,1.270095,1.26845,1.268775,523,0.013948106
2004-01-14 18:38:57.251,1.2689,1.2697201,1.26859,1.269,716,0.0011692418
2004-01-14 18:50:53.940,1.2690401,1.2690599,1.26799,1.268295,505,0.010406607
2004-01-14 18:59:19.476,1.268345,1.26854,1.2670801,1.267535,864,0.0101512
2004-01-14 19:13:45.512,1.267585,1.2681899,1.267165,1.26754,831,0.0006637238
2004-01-14 19:27:37.095,1.2674251,1.26769,1.2665801,1.2672,1400,0.00276417
2004-01-14 19:50:58.068,1.26706,1.2673349,1.2657399,1.266,1713,0.014754735
2004-01-14 20:19:32.008,1.26605,1.2664399,1.264655,1.265005,1747,0.011804185
2004-01-14 20:48:41.343,1.26508,1.2655499,1.2639,1.2643001,3156,0.00825185
2004-01-14 21:41:19.728,1.2643499,1.265025,1.2641001,1.264435,3688,0.0010894742
2004-01-14 22:42:48.831,1.264455,1.2649851,1.2634699,1.26488,3827,0.0053130845
2004-01-14 23:46:38.172,1.2650001,1.26582,1.263905,1.26403,3541,0.010262295
2004-01-15 00:45:45.361,1.26405,1.2655101,1.26348,1.2650001,3532,0.010943322
2004-01-15 01:44:38.260,1.26508,1.26648,1.26502,1.2656751,3531,0.006617811
2004-01-15 02:43:30.024,1.26562,1.266185,1.2650001,1.2654951,3753,0.0013827645
2004-01-15 03:46:15.910,1.2653949,1.2659199,1.2641499,1.26431,3534,0.013913157
2004-01-15 04:45:10.525,1.2643399,1.26592,1.26404,1.265655,3696,0.014893979
2004-01-15 05:46:47.772,1.26565,1.266995,1.2650299,1.265535,3707,0.0012125568
2004-01-15 06:48:36.436,1.26536,1.2665801,1.26511,1.2659199,3816,0.005762985
2004-01-15 07:52:18.642,1.26607,1.2667251,1.263185,1.26408,3592,0.019071894
2004-01-15 08:52:30.599,1.26421,1.26665,1.2608199,1.26484,3584,0.0048064636
2004-01-15 09:52:15.962,1.26481,1.266285,1.26372,1.26569,3638,0.009131212
2004-01-15 10:52:54.955,1.26565,1.26571,1.2625151,1.26302,3700,0.025596462
2004-01-15 11:54:37.114,1.263055,1.2644501,1.2623401,1.26385,3582,0.008008665
2004-01-15 12:54:20.338,1.2639,1.26471,1.2613001,1.26309,3698,0.0073445407
2004-01-15 13:55:58.900,1.26302,1.2642701,1.25974,1.261265,3652,0.0147880735
2004-01-15 14:56:57.553,1.261235,1.26149,1.25895,1.2592499,3567,0.01906607
2004-01-15 15:56:25.189,1.259135,1.260565,1.258565,1.2599299,481,0.008606291
2004-01-15 16:04:27.196,1.25992,1.26027,1.2591851,1.25997,229,0.0005687085
2004-01-15 16:08:16.336,1.25989,1.2602301,1.25928,1.25999,324,0.0011514713
2004-01-15 16:13:40.924,1.260025,1.260715,1.25983,1.2604549,345,0.0059491205
2004-01-15 16:19:26.820,1.26038,1.26172,1.25998,1.261275,331,0.012119217
2004-01-15 16:24:58.669,1.2611,1.26162,1.2607901,1.2611,377,0.0
2004-01-15 16:31:16.469,1.26127,1.2625201,1.26106,1.26194,428,0.0062951273
2004-01-15 16:38:25.471,1.26193,1.26232,1.259595,1.2597749,677,0.018423064
2004-01-15 16:49:42.719,1.259875,1.2598801,1.2587149,1.2593551,540,0.005314509
2004-01-15 16:58:43.274,1.25922,1.2594349,1.257655,1.2586651,636,0.0044681807
2004-01-15 17:09:19.607,1.258595,1.25932,1.2577901,1.258115,928,0.005463072
2004-01-15 17:24:49.278,1.2580249,1.2595999,1.2579801,1.259295,838,0.01170566
2004-01-15 17:38:47.783,1.259315,1.2601,1.25894,1.2599299,1118,0.0068766917
2004-01-15 17:57:26.683,1.2599449,1.26014,1.257585,1.25882,1073,0.012658499
2004-01-15 18:15:21.450,1.258645,1.25914,1.2581201,1.2588849,959,0.0031471627
2004-01-15 18:31:21.270,1.2585549,1.259045,1.2580099,1.25847,650,0.0010013727
2004-01-15 18:42:11.908,1.2585299,1.25862,1.2574949,1.2576301,698,0.01007316
2004-01-15 18:53:50.533,1.257545,1.257695,1.2566099,1.2571299,431,0.005117518
2004-01-15 19:01:02.772,1.25722,1.258615,1.2569101,1.2582049,991,0.011323423
2004-01-15 19:17:34.512,1.258085,1.258415,1.25741,1.25775,958,0.0045998613
2004-01-15 19:33:45.565,1.257635,1.25829,1.25688,1.2573199,1430,0.0042123212
2004-01-15 19:57:41.134,1.25746,1.2585001,1.25688,1.2571499,1722,0.0034914485
2004-01-15 20:26:23.385,1.257105,1.25759,1.2565601,1.2567799,1929,0.0035811323
2004-01-15 20:58:33.061,1.256885,1.25807,1.25597,1.2576101,3535,0.007955381
2004-01-15 21:57:28.481,1.2574999,1.259015,1.25699,1.25869,3633,0.014475689
2004-01-15 22:58:01.869,1.25875,1.2602999,1.25859,1.260165,3574,0.01568757
2004-01-15 23:57:37.429,1.2598801,1.2607851,1.25898,1.25973,3594,0.0017105397
2004-01-16 00:57:36.682,1.259385,1.259715,1.25807,1.25864,3432,0.008935606
2004-01-16 01:54:51.254,1.25862,1.2594099,1.2585399,1.25897,3607,0.0040735686
2004-01-16 02:54:59.233,1.2588999,1.25945,1.25869,1.25927,3912,0.0050095543
2004-01-16 04:00:12.084,1.2593601,1.2594,1.25724,1.25754,3710,0.023954613
2004-01-16 05:02:04.328,1.2576499,1.2588401,1.2574301,1.2585299,3630,0.009297206
2004-01-16 06:02:37.632,1.2581999,1.25948,1.257265,1.257265,3610,0.010074101
2004-01-16 07:02:48.802,1.257195,1.2578001,1.252085,1.25317,3619,0.030787805
2004-01-16 08:03:09.002,1.25319,1.25366,1.24891,1.24999,3557,0.030449253
2004-01-16 09:02:26.974,1.2497599,1.2508099,1.2479899,1.24933,3727,0.0044402415
2004-01-16 10:04:44.135,1.249435,1.2513101,1.24861,1.2504001,3681,0.009233345
2004-01-16 11:06:07.748,1.2504101,1.25088,1.247975,1.2483201,3710,0.021941934
2004-01-16 12:08:03.576,1.24825,1.24951,1.24701,1.248675,3516,0.0041195536
2004-01-16 13:06:48.737,1.2484701,1.2511301,1.245155,1.24621,3605,0.018908344
2004-01-16 14:06:54.093,1.24631,1.24693,1.2413349,1.2441399,3513,0.016819393
2004-01-16 15:05:34.208,1.2441,1.24427,1.2371299,1.239325,3360,0.040063933
2004-01-16 16:01:34.922,1.239295,1.2407551,1.2391601,1.2406249,225,0.01540901
2004-01-16 16:05:20.853,1.2406399,1.24189,1.2402301,1.24144,209,0.006875598
2004-01-16 16:08:50.201,1.24155,1.24173,1.240595,1.24118,327,0.0031713727
2004-01-16 16:14:17.862,1.24108,1.24178,1.2405,1.24142,371,0.0034315141
2004-01-16 16:20:29.821,1.24139,1.2416699,1.24086,1.24105,316,0.0042120186
2004-01-16 16:25:46.293,1.24104,1.24154,1.24018,1.2408199,395,0.0032732587
2004-01-16 16:32:21.959,1.2407501,1.2407501,1.23891,1.240005,502,0.009010698
2004-01-16 16:40:45.017,1.239845,1.240855,1.2389901,1.2394149,647,0.0045174425
2004-01-16 16:51:32.747,1.23938,1.2402,1.23903,1.239145,523,0.0025955692
2004-01-16 17:00:16.598,1.239195,1.2395,1.2378,1.2388699,703,0.0031843972
2004-01-16 17:12:00.716,1.23878,1.23911,1.236855,1.23732,936,0.014329973
2004-01-16 17:27:36.965,1.2370701,1.23752,1.23499,1.23739,791,0.0034606003
2004-01-16 17:40:48.889,1.237365,1.23771,1.23638,1.2374899,1095,0.0013894745
2004-01-16 17:59:05.022,1.23756,1.238295,1.23679,1.23773,1161,0.0016885691
2004-01-16 18:18:26.332,1.23735,1.23822,1.23717,1.23765,830,0.00398245
2004-01-16 18:32:16.984,1.237705,1.237925,1.2365401,1.2370901,738,0.007616567
2004-01-16 18:44:35.794,1.23705,1.23742,1.236565,1.2369599,636,0.0012634323
2004-01-16 18:55:12.863,1.236905,1.23739,1.23668,1.2369599,434,0.000807504
2004-01-16 19:02:28.806,1.237,1.237625,1.23665,1.237525,1079,0.005934766
2004-01-16 19:20:28.551,1.23756,1.23771,1.23639,1.23686,1112,0.007614108
2004-01-16 19:39:01.473,1.2371099,1.2374201,1.2365949,1.2369599,1387,0.0017855926
2004-01-16 20:02:09.513,1.23697,1.2378399,1.23652,1.237505,1805,0.0067575704
2004-01-16 20:32:19.114,1.237495,1.238,1.23674,1.23733,2036,0.0018718994
2004-01-16 21:06:18.934,1.23718,1.23949,1.23644,1.2367101,176488,0.00544743
2004-01-18 22:07:51.754,1.2368801,1.2387199,1.23669,1.23802,3694,0.014410238
2004-01-18 23:09:26.562,1.23805,1.2401,1.23722,1.237325,3579,0.008035195
2004-01-19 00:09:07.367,1.237515,1.2388899,1.23705,1.23797,3657,0.0047366195
2004-01-19 01:10:05.051,1.23787,1.23808,1.236145,1.23636,3412,0.016686931
2004-01-19 02:06:57.692,1.2364,1.2376001,1.23609,1.2362599,3651,0.0017765749
2004-01-19 03:07:56.396,1.23631,1.2377,1.23615,1.23702,3727,0.008815032
2004-01-19 04:10:04.614,1.2369399,1.238375,1.2367699,1.23799,3577,0.012820681
2004-01-19 05:09:48.608,1.2381,1.23887,1.23768,1.23772,3688,0.0045517236
2004-01-19 06:11:21.516,1.23775,1.241605,1.2376599,1.241435,3525,0.035101984
2004-01-19 07:10:07.422,1.241495,1.24228,1.23674,1.2369299,3663,0.052136727
2004-01-19 08:11:12.866,1.2370551,1.2377601,1.23557,1.2369349,3745,0.001110433
2004-01-19 09:13:46.095,1.23677,1.237045,1.23331,1.23662,3679,0.0012321743
2004-01-19 10:15:06.208,1.23668,1.23785,1.235615,1.2358601,3644,0.0082708625
2004-01-19 11:15:51.213,1.23598,1.2366099,1.234875,1.2360001,3669,0.00022926953
2004-01-19 12:17:05.755,1.23611,1.2378,1.2347801,1.2371,3499,0.010110873
2004-01-19 13:15:26.209,1.2370701,1.241055,1.23663,1.240255,3627,0.033374265
2004-01-19 14:15:53.732,1.240165,1.24018,1.2366099,1.2370701,3716,0.03242745
2004-01-19 15:17:50.046,1.2370701,1.238575,1.2365899,1.23734,2659,0.0027691955
2004-01-19 16:02:09.341,1.23734,1.23754,1.23649,1.2369,226,0.0051810415
2004-01-19 16:05:55.707,1.23674,1.23822,1.23674,1.2374051,228,0.0064140223
2004-01-19 16:09:44.050,1.237385,1.2380099,1.23698,1.2376101,352,0.002600816
2004-01-19 16:15:36.350,1.23757,1.2381101,1.2372799,1.23774,383,0.0019772712
2004-01-19 16:22:00.172,1.2378,1.2379501,1.2370701,1.2375801,285,0.00279673
2004-01-19 16:26:45.338,1.2372999,1.2380099,1.23686,1.23773,422,0.0057840166
2004-01-19 16:33:47.773,1.23775,1.2381101,1.23687,1.2372849,499,0.0060316203
2004-01-19 16:42:07.682,1.237505,1.237945,1.2370601,1.2374799,644,0.00030844432
2004-01-19 16:52:53.854,1.23751,1.2383001,1.237175,1.237475,639,0.00043753613
2004-01-19 17:03:34.017,1.23752,1.23859,1.237355,1.237395,734,0.0018006378
2004-01-19 17:15:53.214,1.2375,1.2379501,1.2373099,1.2374799,890,0.0002902858
2004-01-19 17:30:44.253,1.2374799,1.237925,1.2367599,1.237175,841,0.0036511666
2004-01-19 17:44:46.254,1.23701,1.23745,1.23613,1.2363,977,0.0075485664
2004-01-19 18:01:03.824,1.23623,1.2367849,1.2349801,1.2356701,1363,0.005669152
2004-01-19 18:23:47.382,1.2357099,1.236415,1.2351301,1.235565,616,0.0018710917
2004-01-19 18:34:04.046,1.235585,1.2362499,1.23526,1.2357099,792,0.0018943023
2004-01-19 18:47:17.162,1.2357199,1.23625,1.2349801,1.235975,573,0.003270621
2004-01-19 18:56:50.934,1.2361851,1.2361851,1.23509,1.23509,521,0.017558413
2004-01-19 19:05:32.711,1.23509,1.23557,1.23436,1.23464,1003,0.0042804675
2004-01-19 19:22:16.186,1.234665,1.2351401,1.23416,1.2345951,1324,0.0010039045
2004-01-19 19:44:20.618,1.23441,1.2353201,1.23428,1.23509,1454,0.010225484
2004-01-19 20:08:34.851,1.2350199,1.23523,1.23453,1.23482,1858,0.002605352
2004-01-19 20:39:33.883,1.234805,1.2358601,1.2344799,1.2353001,2579,0.0052694688
2004-01-19 21:22:34.046,1.2353001,1.23641,1.23449,1.2351949,3733,0.0013819339
2004-01-19 22:24:49.604,1.235245,1.23576,1.23477,1.2349601,4129,0.0037413198
2004-01-19 23:33:39.512,1.23492,1.23561,1.23421,1.235185,3646,0.0032187395
2004-01-20 00:34:26.399,1.235105,1.2369599,1.23473,1.236525,3526,0.01675566
2004-01-20 01:33:12.616,1.236625,1.23788,1.23599,1.236455,3572,0.0017287824
2004-01-20 02:32:45.145,1.236125,1.23761,1.2360849,1.236765,3784,0.006706262
2004-01-20 03:35:52.131,1.2368,1.23827,1.2368,1.23762,3582,0.008343411
2004-01-20 04:35:36.128,1.23757,1.23877,1.23698,1.238625,3664,0.012620969
2004-01-20 05:36:41.188,1.238685,1.2399449,1.23808,1.239655,3583,0.010811034
2004-01-20 06:36:24.749,1.2396951,1.24124,1.2381,1.24124,3607,0.016215729
2004-01-20 07:36:38.580,1.24131,1.24569,1.24105,1.24477,3755,0.030460833
2004-01-20 08:39:14.533,1.24476,1.248955,1.24464,1.2486949,3758,0.03406293
2004-01-20 09:41:54.002,1.2484651,1.24871,1.24315,1.2439301,3620,0.04209145
2004-01-20 10:42:15.207,1.2439499,1.250955,1.243255,1.250955,3670,0.061468408
2004-01-20 11:43:26.104,1.25133,1.25316,1.249575,1.25193,3656,0.00502632
2004-01-20 12:44:23.220,1.25175,1.25376,1.25104,1.25104,3597,0.0072582806
2004-01-20 13:44:22.827,1.251035,1.25154,1.24901,1.25103,3601,4.7413483e-05
2004-01-20 14:44:24.843,1.2509999,1.25737,1.2509999,1.2569201,3603,0.04823314
2004-01-20 15:44:33.004,1.2569649,1.2572999,1.25578,1.25628,1148,0.007772385
2004-01-20 16:03:41.495,1.25616,1.2567301,1.25588,1.2560999,236,0.0007271762
2004-01-20 16:07:39.471,1.25615,1.25693,1.25606,1.256695,250,0.0070384373
2004-01-20 16:11:50.005,1.25658,1.257615,1.2564199,1.2570701,408,0.0054098726
2004-01-20 16:18:39.465,1.2570701,1.2587099,1.2567799,1.258535,324,0.015236936
2004-01-20 16:24:04.000,1.258585,1.25909,1.25817,1.25829,344,0.0032520369
2004-01-20 16:29:48.979,1.2583201,1.25894,1.2579601,1.2585499,412,0.003076432
2004-01-20 16:36:41.953,1.2586999,1.2594249,1.25809,1.2583499,657,0.0033086014
2004-01-20 16:47:40.596,1.2581999,1.2587249,1.25775,1.257815,540,0.005100824
2004-01-20 16:56:41.094,1.25805,1.25835,1.257045,1.257625,662,0.0052384487
2004-01-20 17:07:44.194,1.257355,1.2585299,1.2571499,1.257745,814,0.004341192
2004-01-20 17:21:18.842,1.257785,1.25893,1.25754,1.25786,825,0.00075728114
2004-01-20 17:35:04.079,1.257905,1.2588949,1.2567201,1.258255,1167,0.0033523329
2004-01-20 17:54:31.310,1.25825,1.2586501,1.257615,1.2583101,1039,0.0007798067
2004-01-20 18:11:50.675,1.258525,1.259345,1.2581699,1.258775,1116,0.0034823995
2004-01-20 18:30:26.971,1.25876,1.25894,1.258165,1.258285,530,0.005868005
2004-01-20 18:39:17.840,1.258385,1.2587199,1.25684,1.25701,753,0.021252993
2004-01-20 18:51:52.249,1.25696,1.25772,1.256955,1.25696,459,0.0
2004-01-20 18:59:32.434,1.257,1.259295,1.2569301,1.25886,883,0.023976987
2004-01-20 19:14:15.559,1.2588,1.259125,1.25735,1.25756,936,0.01381415
2004-01-20 19:29:53.215,1.25746,1.25775,1.25646,1.25683,1366,0.008603134
2004-01-20 19:52:39.364,1.25671,1.2570851,1.2559199,1.2569599,1706,0.0031133676
2004-01-20 20:21:05.789,1.25669,1.2581201,1.256675,1.25735,1750,0.0067618075
2004-01-20 20:50:21.487,1.2572451,1.25822,1.25712,1.257745,3186,0.0055080717
2004-01-20 21:43:35.038,1.25773,1.259755,1.25746,1.2590799,3617,0.016295964
2004-01-20 22:43:56.238,1.25912,1.25987,1.25847,1.25871,3713,0.0048514036
2004-01-20 23:45:50.291,1.25879,1.25906,1.25641,1.2566099,3544,0.023060337
2004-01-21 00:44:55.136,1.2567,1.25743,1.25601,1.257155,3555,0.0055922903
2004-01-21 01:44:11.510,1.25702,1.2574201,1.2561901,1.2569599,3556,0.00068743894
2004-01-21 02:43:28.880,1.257005,1.25724,1.2561901,1.25658,3723,0.0053625875
2004-01-21 03:45:32.709,1.2566099,1.2583201,1.25649,1.25811,3765,0.020052074
2004-01-21 04:48:24.442,1.2581699,1.262655,1.25816,1.260555,3583,0.024315547
2004-01-21 05:48:08.177,1.26042,1.2613001,1.2549651,1.26047,3710,0.00047015838
2004-01-21 06:50:04.607,1.26055,1.262445,1.25874,1.2623701,3625,0.01839221
2004-01-21 07:50:34.408,1.26218,1.266,1.25842,1.26561,3626,0.029096406
2004-01-21 08:51:10.393,1.26563,1.267025,1.26415,1.26561,3662,0.00019270652
2004-01-21 09:52:14.353,1.2657001,1.26602,1.261845,1.2627699,3737,0.030477598
2004-01-21 10:54:32.904,1.262885,1.262975,1.26108,1.26175,3647,0.012118335
2004-01-21 11:55:21.296,1.26169,1.263735,1.26009,1.26137,3490,0.0028464114
2004-01-21 12:53:33.174,1.2612801,1.261335,1.2585,1.26004,3594,0.011156826
2004-01-21 13:53:28.107,1.25993,1.2627499,1.25756,1.257825,3605,0.018378971
2004-01-21 14:53:34.493,1.25802,1.2628,1.257575,1.2613599,3626,0.026503015
2004-01-21 15:54:11.859,1.2613299,1.26372,1.26085,1.262795,598,0.012712539
2004-01-21 16:04:11.195,1.2627399,1.263025,1.2622099,1.2624149,239,0.0047496418
2004-01-21 16:08:11.196,1.26243,1.262825,1.26158,1.262475,291,0.00046962238
2004-01-21 16:13:02.739,1.2625849,1.26311,1.26209,1.2623501,376,0.0031568692
2004-01-21 16:19:19.561,1.262525,1.2630999,1.26209,1.26232,326,0.0027983298
2004-01-21 16:24:45.958,1.26233,1.26271,1.26159,1.26205,362,0.0030109787
2004-01-21 16:30:48.577,1.26211,1.26264,1.26162,1.261825,442,0.0032689613
2004-01-21 16:38:11.629,1.2618,1.26222,1.2607801,1.2609899,666,0.009193151
2004-01-21 16:49:18.309,1.26108,1.26212,1.26049,1.26145,551,0.0042450996
2004-01-21 16:58:29.760,1.26137,1.26302,1.261225,1.26298,629,0.0150656905
2004-01-21 17:08:59.335,1.26288,1.26492,1.2623,1.2641649,902,0.01610082
2004-01-21 17:24:01.506,1.264195,1.2651,1.2634599,1.26363,827,0.0074109985
2004-01-21 17:38:01.487,1.2637501,1.2648101,1.2634699,1.26403,1150,0.002809157
2004-01-21 17:57:12.528,1.263985,1.264555,1.2637899,1.264105,1038,0.0015390264
2004-01-21 18:14:31.705,1.264145,1.26439,1.2630551,1.26323,985,0.011161032
2004-01-21 18:30:57.361,1.263325,1.26393,1.262745,1.26384,620,0.007099098
2004-01-21 18:41:17.983,1.26369,1.2645199,1.2632,1.2639799,739,0.003905698
2004-01-21 18:53:37.690,1.2639999,1.264425,1.26368,1.2641749,420,0.0026100748
2004-01-21 19:00:38.338,1.26397,1.2645199,1.263575,1.2644601,983,0.0061355554
2004-01-21 19:17:02.064,1.26436,1.26483,1.2634649,1.2636399,947,0.008936339
2004-01-21 19:32:49.662,1.2636199,1.2639799,1.262995,1.263485,1434,0.0018819617
2004-01-21 19:56:44.418,1.2633951,1.26354,1.26249,1.262565,1675,0.010466537
2004-01-21 20:24:40.129,1.2626,1.2634699,1.262315,1.26268,1928,0.0009462816
2004-01-21 20:56:48.617,1.26272,1.2639401,1.26209,1.263425,3477,0.007826312
2004-01-21 21:54:46.975,1.263495,1.26483,1.2632401,1.2638,3769,0.003576445
2004-01-21 22:57:37.055,1.2637501,1.2663,1.263425,1.2651701,3813,0.015873903
2004-01-22 00:01:11.221,1.2651601,1.26649,1.2651601,1.26566,3740,0.0066233743
2004-01-22 01:03:32.594,1.2656701,1.26684,1.265535,1.2665801,3624,0.0123362625
2004-01-22 02:04:16.443,1.26667,1.26808,1.2659299,1.26617,3647,0.0058235764
2004-01-22 03:05:04.249,1.2662301,1.26815,1.2656,1.26685,3749,0.008064441
2004-01-22 04:07:35.861,1.266935,1.26791,1.26683,1.26747,3710,0.0072510834
2004-01-22 05:09:26.894,1.267455,1.267455,1.26647,1.26647,3687,0.013132946
2004-01-22 06:11:04.111,1.2665999,1.267405,1.26553,1.26572,3647,0.010020894
2004-01-22 07:11:52.336,1.26583,1.268355,1.265055,1.2656,3663,0.0022240558
2004-01-22 08:13:03.274,1.2651999,1.26607,1.26359,1.264925,3725,0.0028602544
2004-01-22 09:15:18.728,1.264845,1.2722199,1.26448,1.271665,3683,0.0626941
2004-01-22 10:16:43.242,1.271515,1.2748001,1.2708299,1.2725501,3626,0.009319973
2004-01-22 11:17:11.252,1.27266,1.273255,1.2700601,1.2701299,3561,0.023183517
2004-01-22 12:16:39.613,1.27004,1.2729499,1.27004,1.2706649,3546,0.0058201374
2004-01-22 13:15:47.657,1.2705901,1.27368,1.2693601,1.2707,3528,0.00080943224
2004-01-22 14:14:42.949,1.27071,1.2707901,1.26617,1.26878,3585,0.014923859
2004-01-22 15:14:29.425,1.26875,1.27072,1.2685599,1.270265,2841,0.011744528
2004-01-22 16:01:51.303,1.270255,1.27053,1.269685,1.270165,227,0.00086158
2004-01-22 16:05:39.143,1.27018,1.27054,1.2697799,1.270215,220,0.00042985473
2004-01-22 16:09:20.320,1.2702451,1.27061,1.26991,1.2702601,351,0.0002064511
2004-01-22 16:15:11.833,1.2702999,1.2716,1.27019,1.2713399,354,0.009801807
2004-01-22 16:21:06.225,1.271285,1.27163,1.2706101,1.271435,311,0.0016813866
2004-01-22 16:26:18.176,1.271155,1.2721901,1.27105,1.27133,433,0.002157605
2004-01-22 16:33:31.545,1.27127,1.27205,1.270865,1.271445,476,0.0020499816
2004-01-22 16:41:28.090,1.271575,1.27214,1.2710099,1.271675,636,0.0010138936
2004-01-22 16:52:05.051,1.271615,1.27222,1.27109,1.2715449,584,0.0008512979
2004-01-22 17:01:49.907,1.271635,1.272015,1.27055,1.27103,794,0.006658254
2004-01-22 17:15:04.885,1.27098,1.271315,1.2704401,1.2707751,872,0.0026726536
2004-01-22 17:29:39.852,1.2708449,1.271315,1.2695,1.2697599,758,0.011991431
2004-01-22 17:42:18.995,1.269705,1.27098,1.2690599,1.27039,1050,0.007321461
2004-01-22 17:59:49.609,1.270375,1.270715,1.26975,1.270455,1272,0.0008527533
2004-01-22 18:21:02.618,1.27046,1.27085,1.26998,1.2703149,714,0.002058786
2004-01-22 18:32:57.052,1.27035,1.27081,1.27003,1.2702401,775,0.0018117793
2004-01-22 18:45:52.482,1.270255,1.270635,1.26981,1.270105,615,0.0018625613
2004-01-22 18:56:08.329,1.2700901,1.2708299,1.2700601,1.27054,434,0.006199182
2004-01-22 19:03:23.741,1.270295,1.270805,1.26981,1.27034,1061,0.000588953
2004-01-22 19:21:05.633,1.270375,1.27062,1.26957,1.27039,1243,0.00019487871
2004-01-22 19:41:50.308,1.26994,1.27125,1.269835,1.270855,1340,0.009685851
2004-01-22 20:04:10.750,1.270745,1.2715399,1.27039,1.270795,1824,0.0006991968
2004-01-22 20:34:44.804,1.2707801,1.2715399,1.27051,1.2712901,2274,0.0064376327
2004-01-22 21:12:39.812,1.2714,1.272025,1.27078,1.2714901,3626,0.0010940888
2004-01-22 22:13:10.081,1.271205,1.2737,1.27093,1.27269,3611,0.016449505
2004-01-22 23:13:26.411,1.2726951,1.27293,1.27091,1.271,3621,0.019911805
2004-01-23 00:14:00.059,1.271155,1.272205,1.2702401,1.2715001,3563,0.003705709
2004-01-23 01:13:24.839,1.271415,1.2732401,1.27136,1.27244,3491,0.012374321
2004-01-23 02:11:37.954,1.2725301,1.273025,1.27127,1.27153,3668,0.012837876
2004-01-23 03:12:49.150,1.271555,1.27221,1.270735,1.27088,3798,0.00849176
2004-01-23 04:16:08.758,1.27079,1.2712,1.2697101,1.27016,3674,0.007736958
2004-01-23 05:17:23.644,1.26984,1.27248,1.26984,1.272255,3663,0.027348919
2004-01-23 06:18:26.689,1.272225,1.27378,1.2707901,1.2734699,3675,0.01376417
2004-01-23 07:19:46.444,1.273685,1.27686,1.273015,1.275545,3621,0.01582212
2004-01-23 08:20:07.700,1.2756801,1.27735,1.2745,1.2748001,3572,0.008757569
2004-01-23 09:19:40.928,1.2749801,1.27737,1.27433,1.27597,3725,0.009735098
2004-01-23 10:21:46.642,1.27594,1.27654,1.2736499,1.2744,3583,0.014941912
2004-01-23 11:21:30.353,1.27459,1.27459,1.2707,1.2707,3706,0.037226494
2004-01-23 12:23:16.924,1.2709899,1.2709899,1.267445,1.27001,3496,0.007843422
2004-01-23 13:21:34.355,1.2700701,1.2704699,1.26601,1.267945,3601,0.01628799
2004-01-23 14:21:43.337,1.2681,1.2695401,1.26721,1.268455,3614,0.0028766498
2004-01-23 15:21:57.742,1.26847,1.2699201,1.2653,1.26547,2422,0.014816516
2004-01-23 16:02:20.516,1.26546,1.26592,1.26385,1.26391,229,0.011630362
2004-01-23 16:06:15.909,1.264005,1.26441,1.2633901,1.26396,215,0.00037458356
2004-01-23 16:09:51.982,1.2641101,1.26484,1.263775,1.2641399,365,0.0003371026
2004-01-23 16:15:57.253,1.26411,1.26451,1.26285,1.26344,377,0.0059650294
2004-01-23 16:22:17.239,1.2634399,1.26443,1.26326,1.2639501,279,0.007894203
2004-01-23 16:26:56.977,1.26388,1.26424,1.2614901,1.26162,424,0.019209763
2004-01-23 16:34:01.274,1.26156,1.262465,1.26127,1.26198,496,0.004218187
2004-01-23 16:42:18.013,1.26198,1.26245,1.26091,1.261265,683,0.008528051
2004-01-23 16:53:41.718,1.2611401,1.26167,1.2599399,1.2599399,627,0.012280085
2004-01-23 17:04:09.774,1.2600801,1.2616,1.2598801,1.26155,729,0.010955832
2004-01-23 17:16:20.039,1.26138,1.2622,1.2608249,1.260905,884,0.0049108793
2004-01-23 17:31:04.703,1.2608349,1.261215,1.2602,1.2611151,864,0.0037891248
2004-01-23 17:45:28.946,1.2609351,1.26142,1.2598901,1.2604699,1033,0.0055606226
2004-01-23 18:02:42.230,1.26057,1.26069,1.257055,1.257365,1369,0.024588995
2004-01-23 18:25:31.543,1.257275,1.25789,1.2562599,1.25687,543,0.004578741
2004-01-23 18:34:35.998,1.25687,1.257515,1.2566099,1.256885,794,0.00015208097
2004-01-23 18:47:51.091,1.256835,1.2585549,1.25681,1.258325,552,0.016099427
2004-01-23 18:57:03.913,1.258235,1.259405,1.2579551,1.2591751,588,0.010755856
2004-01-23 19:06:58.013,1.2592001,1.25974,1.2586999,1.259195,930,5.3828793e-05
2004-01-23 19:22:28.545,1.2591751,1.25994,1.2585299,1.259835,1327,0.007480131
2004-01-23 19:44:35.941,1.259865,1.26012,1.25909,1.2597301,1438,0.0018781711
2004-01-23 20:08:34.801,1.2595601,1.25983,1.258085,1.25869,1839,0.0097579565
2004-01-23 20:39:14.107,1.25868,1.259375,1.25814,1.2585399,2637,0.0015366045
2004-01-23 21:23:14.641,1.258535,1.2594099,1.25614,1.256845,176656,0.021288225
2004-01-25 22:27:31.729,1.256785,1.2586501,1.25657,1.25775,3886,0.012802933
2004-01-25 23:32:35.491,1.2578001,1.2579,1.25601,1.25651,3747,0.016894698
2004-01-26 00:35:03.916,1.25652,1.258785,1.2558,1.25814,3522,0.018536935
2004-01-26 01:33:47.244,1.25819,1.25913,1.25737,1.258515,3562,0.0032849705
2004-01-26 02:33:10.069,1.258595,1.25864,1.2570701,1.2575049,3665,0.013461471
2004-01-26 03:34:16.512,1.257445,1.25799,1.256645,1.2572701,3763,0.0021217235
2004-01-26 04:37:02.971,1.2571499,1.25877,1.25687,1.2570751,3646,0.00084575254
2004-01-26 05:37:49.610,1.257015,1.25796,1.25653,1.256915,3638,0.0010915312
2004-01-26 06:38:40.878,1.25692,1.25735,1.25265,1.25413,3611,0.027856465
2004-01-26 07:38:52.042,1.25418,1.257445,1.2525301,1.2567201,3682,0.021141615
2004-01-26 08:40:14.505,1.2565501,1.2602899,1.25636,1.258235,3717,0.014926886
2004-01-26 09:42:11.993,1.25824,1.260095,1.2550449,1.25594,3573,0.021989468
2004-01-26 10:41:46.855,1.2560201,1.2583499,1.25475,1.25589,3631,0.0011144469
2004-01-26 11:42:25.622,1.25577,1.25759,1.25471,1.2560501,3578,0.002616711
2004-01-26 12:42:05.178,1.25598,1.25913,1.2557399,1.2570701,3389,0.0094279125
2004-01-26 13:38:46.579,1.257415,1.260995,1.257,1.2595799,3680,0.016797613
2004-01-26 14:40:14.883,1.25964,1.26,1.25633,1.25722,3614,0.02180526
2004-01-26 15:40:29.415,1.25713,1.25729,1.25491,1.255245,1383,0.01779647
2004-01-26 16:03:32.924,1.255225,1.25574,1.25474,1.25523,232,5.6753997e-05
2004-01-26 16:07:26.169,1.2552149,1.25581,1.2549601,1.25529,249,0.0008838979
2004-01-26 16:11:35.442,1.25526,1.255435,1.25371,1.254665,397,0.0051283524
2004-01-26 16:18:12.881,1.254675,1.25541,1.25417,1.254935,341,0.0028581352
2004-01-26 16:23:54.610,1.254925,1.2562051,1.2548051,1.255785,340,0.011255168
2004-01-26 16:29:35.317,1.2558,1.2560301,1.25528,1.2557,388,0.0009717475
2004-01-26 16:36:03.610,1.2556701,1.2560501,1.25533,1.2555101,623,0.0018580927
2004-01-26 16:46:27.615,1.25575,1.25634,1.2553699,1.25545,591,0.0038526675
2004-01-26 16:56:18.983,1.2553799,1.25581,1.2534001,1.25412,645,0.01197269
2004-01-26 17:07:04.546,1.25418,1.25482,1.2534649,1.25371,831,0.005878844
2004-01-26 17:20:56.114,1.25372,1.25404,1.2526801,1.253235,815,0.0058877748
2004-01-26 17:34:31.862,1.2532301,1.25432,1.2528551,1.253395,1109,0.0017975629
2004-01-26 17:53:01.461,1.253415,1.25373,1.2521551,1.25255,1007,0.00902766
2004-01-26 18:09:49.838,1.2525201,1.25317,1.25053,1.25054,1222,0.01969816
2004-01-26 18:30:12.435,1.2505951,1.250915,1.2499,1.250335,523,0.0025607324
2004-01-26 18:38:56.124,1.250335,1.25047,1.24833,1.2488351,715,0.019032491
2004-01-26 18:50:52.390,1.2488849,1.24894,1.2476,1.247865,503,0.011055863
2004-01-26 18:59:15.858,1.248035,1.24898,1.24785,1.2483599,867,0.0038325381
2004-01-26 19:13:43.450,1.2481351,1.2485199,1.24645,1.246655,829,0.015452319
2004-01-26 19:27:32.746,1.24677,1.24741,1.246005,1.2463901,1388,0.004467371
2004-01-26 19:50:51.152,1.24651,1.2472351,1.24577,1.24645,1711,0.0007105016
2004-01-26 20:19:25.094,1.24627,1.24783,1.2462101,1.2474949,1754,0.013904525
2004-01-26 20:48:40.377,1.2477651,1.2477651,1.24612,1.24633,3238,0.017288277
2004-01-26 21:42:39.042,1.2463601,1.247085,1.24557,1.24682,3619,0.005668711
2004-01-26 22:42:58.841,1.24688,1.2485299,1.2462499,1.2478,3611,0.010718577
2004-01-26 23:43:10.644,1.24792,1.2488,1.24768,1.2481799,3566,0.0031015957
2004-01-27 00:42:37.760,1.24827,1.24853,1.2455499,1.24633,3509,0.024628544
2004-01-27 01:41:07.031,1.2462349,1.24669,1.24541,1.246065,3484,0.0018302856
2004-01-27 02:39:12.398,1.246005,1.246285,1.2448549,1.246045,3685,0.0003910185
2004-01-27 03:40:58.127,1.24599,1.2465501,1.245105,1.2453599,3647,0.0076938304
2004-01-27 04:41:46.525,1.2454,1.24718,1.24512,1.24665,3732,0.014640385
2004-01-27 05:44:06.266,1.2467301,1.24747,1.24598,1.2469001,3680,0.002075202
2004-01-27 06:45:27.879,1.2471199,1.2471199,1.2439799,1.24634,3611,0.0072586946
2004-01-27 07:45:48.851,1.246675,1.248065,1.24488,1.2456,3617,0.010722311
2004-01-27 08:46:07.634,1.2455,1.2486899,1.24526,1.2465,3688,0.00914457
2004-01-27 09:47:36.876,1.2464299,1.24886,1.245265,1.24809,3665,0.01721227
2004-01-27 10:48:48.801,1.248075,1.25,1.24741,1.24823,3643,0.0014644257
2004-01-27 11:49:38.569,1.2481799,1.2534001,1.2477651,1.2523401,3643,0.040209703
2004-01-27 12:50:22.967,1.25261,1.25607,1.251385,1.2559,3613,0.029281672
2004-01-27 13:50:42.962,1.256,1.25721,1.2546699,1.2562399,3648,0.0022895066
2004-01-27 14:51:31.900,1.2561901,1.2598801,1.25579,1.25877,3706,0.022327084
2004-01-27 15:53:20.265,1.2587199,1.2615299,1.2587199,1.2607651,645,0.019919468
2004-01-27 16:04:06.486,1.2607801,1.26169,1.26057,1.261555,242,0.009205938
2004-01-27 16:08:09.089,1.261445,1.26192,1.26122,1.26188,291,0.005968416
2004-01-27 16:13:00.345,1.261735,1.26231,1.2608,1.262045,376,0.0030652976
2004-01-27 16:19:17.476,1.2620399,1.26441,1.261515,1.2640951,326,0.019495293
2004-01-27 16:24:44.091,1.264075,1.26458,1.2625201,1.263375,989,0.0055128904
2004-01-27 16:41:13.761,1.263435,1.2642,1.2625849,1.263105,645,0.0026264351
2004-01-27 16:51:59.600,1.26317,1.26508,1.26313,1.2642901,567,0.01130471
2004-01-27 17:01:27.947,1.2644,1.2651,1.2641599,1.26437,717,0.00033474847
2004-01-27 17:13:26.189,1.2646301,1.2646301,1.2614701,1.261685,911,0.025237486
2004-01-27 17:28:37.778,1.261585,1.2625101,1.261095,1.262215,795,0.006941024
2004-01-27 17:41:53.935,1.2622349,1.2628651,1.261485,1.26208,1058,0.0015986266
2004-01-27 17:59:32.143,1.2619851,1.263705,1.2617,1.263625,1253,0.0174102
2004-01-27 18:20:25.462,1.263545,1.2640901,1.262885,1.263265,736,0.0027127499
2004-01-27 18:32:42.216,1.262885,1.26326,1.2621801,1.26296,765,0.0008780857
2004-01-27 18:45:27.788,1.26297,1.263145,1.26248,1.262875,625,0.0014813768
2004-01-27 18:55:53.378,1.262885,1.263325,1.26237,1.26266,435,0.00340263
2004-01-27 19:03:08.845,1.262615,1.2638099,1.26229,1.263195,1061,0.008313231
2004-01-27 19:20:50.906,1.2632749,1.2632749,1.26209,1.2623501,1182,0.0116748735
2004-01-27 19:40:33.948,1.2624199,1.2635,1.26221,1.263105,1348,0.007772949
2004-01-27 20:03:02.529,1.263185,1.26431,1.26262,1.26301,1861,0.0023914247
2004-01-27 20:34:04.131,1.263005,1.26422,1.26245,1.2636199,2148,0.0063878694
2004-01-27 21:09:52.740,1.2634699,1.26464,1.26298,1.2641599,3673,0.008239076
2004-01-27 22:11:41.164,1.26404,1.26613,1.26338,1.26361,3532,0.0049228007
2004-01-27 23:10:34.150,1.2635901,1.2641699,1.26195,1.2623501,3669,0.014038393
2004-01-28 00:11:44.282,1.262365,1.2629399,1.26121,1.2616,3534,0.009380962
2004-01-28 01:10:48.339,1.2615099,1.26266,1.2611,1.26209,3510,0.0071644373
2004-01-28 02:09:19.866,1.2621,1.26273,1.26133,1.26162,3647,0.0058992296
2004-01-28 03:10:07.428,1.2616501,1.2623,1.2595601,1.26051,3667,0.013265499
2004-01-28 04:11:16.078,1.26039,1.26071,1.257975,1.2600701,3629,0.003202482
2004-01-28 05:11:46.461,1.26002,1.261945,1.2597699,1.2616351,3736,0.0180747
2004-01-28 06:14:03.782,1.26172,1.2632401,1.2579751,1.25993,3608,0.016521879
2004-01-28 07:14:21.076,1.2599349,1.2641201,1.259655,1.26172,3664,0.016652618
2004-01-28 08:15:25.633,1.26172,1.26306,1.25896,1.2604101,3622,0.012464692
2004-01-28 09:15:51.752,1.260265,1.26142,1.25876,1.26054,3705,0.0025326628
2004-01-28 10:17:38.388,1.2605801,1.2608299,1.259205,1.260045,3672,0.0052080555
2004-01-28 11:18:58.799,1.26003,1.2616,1.259725,1.260145,3665,0.0011658028
2004-01-28 12:20:04.935,1.259905,1.26027,1.2544451,1.2548699,3588,0.045235913
2004-01-28 13:19:53.813,1.2550199,1.25979,1.25495,1.2578,3607,0.019406077
2004-01-28 14:20:04.856,1.25779,1.2593,1.25629,1.25658,3684,0.011345422
2004-01-28 15:21:32.989,1.256405,1.25972,1.2549701,1.25915,2448,0.027356591
2004-01-28 16:02:21.726,1.2592001,1.2593551,1.25858,1.258745,233,0.005618755
2004-01-28 16:06:15.530,1.258775,1.259025,1.25806,1.25847,216,0.003620163
2004-01-28 16:09:52.613,1.2581799,1.25869,1.25721,1.257485,364,0.008241584
2004-01-28 16:15:57.798,1.257345,1.25893,1.2571,1.25856,379,0.0131194135
2004-01-28 16:22:17.065,1.25869,1.25869,1.2576101,1.2579701,278,0.009039594
2004-01-28 16:26:55.447,1.2579501,1.2592001,1.2579501,1.2583001,426,0.004588877
2004-01-28 16:34:02.043,1.2583499,1.258915,1.2579601,1.25851,495,0.0019461935
2004-01-28 16:42:17.437,1.2585499,1.2617149,1.2581999,1.26162,683,0.024645448
2004-01-28 16:53:41.188,1.261605,1.26349,1.26122,1.263485,624,0.018563818
2004-01-28 17:04:06.176,1.263285,1.2642,1.26305,1.2634499,732,0.0018100744
2004-01-28 17:16:18.508,1.26303,1.2638149,1.26263,1.2635,885,0.004483805
2004-01-28 17:31:03.599,1.263365,1.2639,1.26266,1.263445,864,0.0009531534
2004-01-28 17:45:27.933,1.2632849,1.26395,1.26263,1.2637601,1034,0.004796446
2004-01-28 18:02:42.274,1.2637401,1.2639799,1.2630501,1.26333,1300,0.005039097
2004-01-28 18:24:34.960,1.2636399,1.2638199,1.2630601,1.26335,578,0.004786045
2004-01-28 18:34:14.046,1.26334,1.26364,1.26279,1.263015,801,0.004739188
2004-01-28 18:47:35.737,1.26325,1.2637,1.2628,1.263265,557,0.00018999998
2004-01-28 18:56:53.739,1.2632151,1.26365,1.26289,1.263405,542,0.0022105258
2004-01-28 19:05:56.304,1.26342,1.26405,1.2526901,1.254815,985,0.03452333
2004-01-28 19:22:21.892,1.25633,1.256595,1.24623,1.248675,1310,0.028147154
2004-01-28 19:44:13.486,1.248555,1.25169,1.2478299,1.24896,1361,0.0028209377
2004-01-28 20:06:56.263,1.249085,1.251145,1.24863,1.249355,1838,0.0020544087
2004-01-28 20:37:35.154,1.249325,1.24972,1.24717,1.24749,2605,0.01682069
2004-01-28 21:21:00.251,1.24755,1.2486701,1.24254,1.24254,3648,0.053102814
2004-01-28 22:21:55.970,1.24259,1.24382,1.24123,1.24318,3595,0.0052169734
2004-01-28 23:21:52.591,1.24312,1.24612,1.242285,1.2455299,3637,0.026830887
2004-01-29 00:22:31.631,1.24547,1.24961,1.24482,1.2493,3569,0.040096648
2004-01-29 01:22:02.097,1.2491701,1.25004,1.2467599,1.2470651,3488,0.021607295
2004-01-29 02:20:11.491,1.247055,1.2486999,1.24608,1.247875,3551,0.009160261
2004-01-29 03:19:22.768,1.2478,1.2481201,1.24612,1.246865,3513,0.011322149
2004-01-29 04:17:56.415,1.2468951,1.247045,1.24507,1.2465,3698,0.0049015693
2004-01-29 05:19:35.136,1.24667,1.2472,1.2448299,1.24563,3631,0.010374525
2004-01-29 06:20:06.517,1.24546,1.248765,1.24493,1.24788,3681,0.02108298
2004-01-29 07:21:28.597,1.247875,1.2514999,1.24681,1.24845,3538,0.004550772
2004-01-29 08:20:28.399,1.2485001,1.25061,1.24845,1.24957,3699,0.009895707
2004-01-29 09:22:08.229,1.2495201,1.252575,1.24908,1.25091,3678,0.012913515
2004-01-29 10:23:27.099,1.2509301,1.25184,1.24926,1.25096,3640,0.00028046104
2004-01-29 11:24:24.503,1.2511599,1.2518101,1.24746,1.2477,3681,0.035609473
2004-01-29 12:25:47.961,1.24769,1.2484,1.2457399,1.24684,3528,0.008626468
2004-01-29 13:24:41.477,1.24681,1.246915,1.241775,1.24419,3708,0.022298066
2004-01-29 14:26:36.637,1.24419,1.24744,1.2425101,1.2428601,3711,0.012121027
2004-01-29 15:28:28.923,1.2430301,1.2430501,1.23612,1.236675,2166,0.061535586
2004-01-29 16:04:35.232,1.236685,1.23876,1.236475,1.238545,227,0.02128002
2004-01-29 16:08:22.671,1.23838,1.23891,1.23697,1.23732,327,0.011462219
2004-01-29 16:13:50.875,1.2372501,1.23809,1.23622,1.2372401,351,9.372218e-05
2004-01-29 16:19:42.461,1.23721,1.23873,1.2372,1.23857,325,0.018053433
2004-01-29 16:25:08.511,1.23858,1.2392399,1.23806,1.23822,383,0.003501222
2004-01-29 16:31:32.405,1.23825,1.23892,1.23757,1.23856,462,0.0033052303
2004-01-29 16:39:15.908,1.23835,1.239175,1.23779,1.23798,676,0.0037356273
2004-01-29 16:50:33.159,1.23797,1.239285,1.23793,1.238655,529,0.011294882
2004-01-29 16:59:22.596,1.238575,1.23909,1.2376001,1.2387199,635,0.001472294
2004-01-29 17:09:58.468,1.238735,1.24052,1.2381799,1.2385199,953,0.0020498883
2004-01-29 17:25:53.148,1.2385,1.2401199,1.2383001,1.2389901,804,0.0058239773
2004-01-29 17:39:17.628,1.239,1.2395,1.237395,1.2382,1113,0.007635707
2004-01-29 17:57:51.919,1.23825,1.2388799,1.23735,1.2374699,1076,0.0089244805
2004-01-29 18:15:49.013,1.237445,1.238945,1.23736,1.2388401,954,0.017072285
2004-01-29 18:31:43.174,1.238835,1.24122,1.2386,1.240935,702,0.02458433
2004-01-29 18:43:25.449,1.24101,1.24142,1.23931,1.23955,637,0.014117465
2004-01-29 18:54:02.986,1.239605,1.240025,1.2376101,1.238435,449,0.010389319
2004-01-29 19:01:35.049,1.238405,1.24021,1.238155,1.23967,983,0.013319075
2004-01-29 19:18:00.088,1.23998,1.24079,1.23967,1.23979,1016,0.0019444525
2004-01-29 19:35:14.700,1.23956,1.2408249,1.23891,1.2400401,1408,0.0049507567
2004-01-29 19:58:59.371,1.23997,1.240435,1.23931,1.23995,1727,0.00026418833
2004-01-29 20:27:47.140,1.2399399,1.24155,1.2396901,1.24107,1893,0.011099117
2004-01-29 20:59:21.861,1.24097,1.2413499,1.2402501,1.240715,3625,0.0031969892
2004-01-29 21:59:47.581,1.24066,1.2418101,1.23983,1.24052,3809,0.0018570896
2004-01-29 23:03:18.007,1.24051,1.241295,1.24011,1.24113,3624,0.007648833
2004-01-30 00:03:44.318,1.24107,1.24123,1.23939,1.24096,3548,0.0012889927
2004-01-30 01:02:54.229,1.2409799,1.241775,1.24007,1.2409301,3420,0.00052525365
2004-01-30 01:59:55.132,1.24084,1.2413499,1.2399299,1.24034,3453,0.0053762477
2004-01-30 02:57:29.059,1.24027,1.2411499,1.2400601,1.24066,3732,0.004669822
2004-01-30 03:59:46.590,1.2405751,1.24171,1.23985,1.24155,3629,0.011913676
2004-01-30 05:00:16.354,1.2414601,1.24171,1.23877,1.238935,3779,0.029814485
2004-01-30 06:03:17.666,1.238845,1.24121,1.238045,1.24106,3614,0.020525074
2004-01-30 07:03:35.246,1.241215,1.24296,1.23839,1.239845,3537,0.011168537
2004-01-30 08:02:33.842,1.2400651,1.2400651,1.2360201,1.2364,3568,0.025580991
2004-01-30 09:02:02.073,1.2363801,1.2380099,1.234985,1.2379,3726,0.013064086
2004-01-30 10:04:11.855,1.2378299,1.2407999,1.23781,1.23979,3673,0.01678005
2004-01-30 11:05:25.793,1.239855,1.24019,1.23747,1.23809,3612,0.017649723
2004-01-30 12:05:38.714,1.23806,1.2395201,1.237535,1.2388899,3560,0.00832349
2004-01-30 13:05:03.980,1.23874,1.24904,1.23756,1.244795,3537,0.03853101
2004-01-30 14:04:16.037,1.2450199,1.24507,1.23838,1.240985,3528,0.029052196
2004-01-30 15:03:09.670,1.24139,1.242705,1.2363,1.241785,3490,0.0026670315
2004-01-30 16:01:20.289,1.241925,1.24228,1.240595,1.24104,207,0.007464337
2004-01-30 16:04:47.552,1.24103,1.241435,1.2402999,1.2409949,226,0.00039315535
2004-01-30 16:08:34.644,1.24102,1.24455,1.24066,1.24449,326,0.023419417
2004-01-30 16:14:01.443,1.24442,1.2464099,1.2443099,1.24576,370,0.009063815
2004-01-30 16:20:12.345,1.24559,1.24595,1.24471,1.244925,309,0.005381988
2004-01-30 16:25:22.244,1.24494,1.245095,1.2435,1.2438099,386,0.0130882105
2004-01-30 16:31:48.479,1.24404,1.24431,1.2430799,1.2435501,475,0.005329191
2004-01-30 16:39:43.892,1.24352,1.24581,1.2434001,1.24547,686,0.015736321
2004-01-30 16:51:10.560,1.24536,1.24572,1.244245,1.24492,504,0.0041840244
2004-01-30 16:59:35.539,1.2448599,1.2463801,1.2446101,1.246375,685,0.015369136
2004-01-30 17:11:00.948,1.24629,1.2470901,1.24508,1.245875,941,0.00359127
2004-01-30 17:26:42.342,1.245885,1.24851,1.2457399,1.24721,777,0.014187557
2004-01-30 17:39:40.455,1.2472401,1.247615,1.24547,1.24596,1123,0.014313669
2004-01-30 17:58:23.621,1.24588,1.24751,1.245605,1.247105,1066,0.012976452
2004-01-30 18:16:20.158,1.2471399,1.2478199,1.24683,1.2474949,933,0.004219708
2004-01-30 18:31:53.299,1.24754,1.248315,1.24651,1.246695,715,0.008676407
2004-01-30 18:43:48.510,1.24688,1.2474401,1.24632,1.2465601,626,0.0045070765
2004-01-30 18:54:15.662,1.246495,1.2473099,1.2460101,1.24645,454,0.00046692838
2004-01-30 19:01:50.070,1.2464099,1.24683,1.24516,1.24559,1069,0.01007373
2004-01-30 19:19:39.957,1.24528,1.24593,1.2446,1.24569,962,0.004766756
2004-01-30 19:35:43.388,1.24558,1.2465,1.245,1.245975,1443,0.0042425063
2004-01-30 19:59:46.684,1.2463,1.247655,1.245995,1.247365,1808,0.013039252
2004-01-30 20:29:54.768,1.2474899,1.24783,1.24688,1.2470751,1836,0.004235091
2004-01-30 21:00:31.309,1.246995,1.24804,1.2464,1.2469201,176503,0.0008020209
2004-02-01 22:02:28.830,1.2467899,1.2484,1.24669,1.24811,3951,0.016490454
2004-02-01 23:08:24.357,1.248175,1.2485299,1.24666,1.2468,3591,0.018110452
2004-02-02 00:08:16.409,1.246865,1.2479501,1.246,1.2465,3680,0.004415743
2004-02-02 01:09:38.053,1.2464,1.24693,1.2455001,1.24663,3525,0.0027940285
2004-02-02 02:08:24.883,1.2467301,1.24736,1.24612,1.2463701,3666,0.0044083986
2004-02-02 03:09:37.357,1.2462,1.246845,1.2455101,1.2458501,3667,0.0038840887
2004-02-02 04:10:45.578,1.2459,1.2462499,1.2446599,1.245465,3802,0.005221921
2004-02-02 05:14:09.151,1.245595,1.24579,1.24441,1.2453401,3656,0.0030803366
2004-02-02 06:15:08.469,1.245405,1.24578,1.24403,1.2443,3690,0.013083547
2004-02-02 07:16:55.229,1.24442,1.24665,1.2437301,1.24386,3561,0.005598402
2004-02-02 08:16:21.333,1.243865,1.2477701,1.243855,1.24715,3705,0.031427775
2004-02-02 09:18:06.923,1.2469101,1.24738,1.24375,1.2452099,3691,0.017036578
2004-02-02 10:19:38.892,1.2453101,1.2465451,1.24483,1.245195,3632,0.0011493609
2004-02-02 11:20:11.193,1.245175,1.24686,1.24403,1.2466099,3749,0.01492789
2004-02-02 12:22:43.395,1.24648,1.247305,1.245,1.2455499,3625,0.0091110375
2004-02-02 13:23:09.096,1.245285,1.24657,1.2439301,1.2456901,3545,0.0035086125
2004-02-02 14:22:16.869,1.2457099,1.2460401,1.242835,1.24543,3700,0.0024428458
2004-02-02 15:23:58.040,1.24537,1.2464,1.2425799,1.242775,2312,0.023995785
2004-02-02 16:02:30.207,1.242775,1.24348,1.2425699,1.243005,235,0.0026387533
2004-02-02 16:06:26.083,1.242815,1.24311,1.24227,1.242835,217,0.00026370067
2004-02-02 16:10:03.736,1.24279,1.2432201,1.241845,1.2430251,368,0.0025164424
2004-02-02 16:16:13.500,1.2429249,1.24382,1.24279,1.2435701,379,0.009179634
2004-02-02 16:22:34.219,1.243575,1.2444,1.24318,1.243525,281,0.0004982478
2004-02-02 16:27:16.444,1.2434599,1.24425,1.24316,1.2438049,417,0.004513145
2004-02-02 16:34:14.028,1.243605,1.24423,1.243445,1.2437,499,0.0012558518
2004-02-02 16:42:34.050,1.243715,1.243955,1.24249,1.24261,672,0.011905313
2004-02-02 16:53:46.946,1.24311,1.24312,1.24165,1.2418001,642,0.014283635
2004-02-02 17:04:30.706,1.2417951,1.24252,1.240945,1.2411699,752,0.0070911627
2004-02-02 17:17:03.043,1.2411201,1.24202,1.2407451,1.24107,851,0.00065671175
2004-02-02 17:31:14.448,1.24096,1.2413,1.2388949,1.2395849,942,0.014531423
2004-02-02 17:46:56.792,1.23928,1.24041,1.239145,1.239905,1015,0.00792498
2004-02-02 18:04:28.018,1.24,1.24083,1.23949,1.240675,1271,0.007718734
2004-02-02 18:26:04.978,1.2406,1.2416301,1.24035,1.2411499,520,0.007093115
2004-02-02 18:34:45.480,1.24114,1.2423501,1.240975,1.241775,786,0.008337911
2004-02-02 18:47:52.056,1.24172,1.24179,1.2406399,1.240705,552,0.015509157
2004-02-02 18:57:04.849,1.240655,1.2412851,1.2405,1.2408249,588,0.0021960218
2004-02-02 19:06:58.766,1.2407501,1.241055,1.240255,1.240655,929,0.0013843111
2004-02-02 19:22:28.339,1.240675,1.2408149,1.2397599,1.239875,1327,0.011222915
2004-02-02 19:44:35.730,1.239955,1.2418499,1.23949,1.2415099,1440,0.01742057
2004-02-02 20:08:36.066,1.24155,1.24326,1.24084,1.24281,1852,0.015603871
2004-02-02 20:39:29.230,1.24284,1.243185,1.24224,1.2427299,2590,0.0012566983
2004-02-02 21:22:49.652,1.2427001,1.24364,1.2418649,1.24294,3489,0.0029642289
2004-02-02 22:21:07.746,1.24318,1.24479,1.2429,1.24465,3653,0.017316995
2004-02-02 23:22:01.882,1.244735,1.24525,1.2423999,1.2428701,3622,0.021269307
2004-02-03 00:22:24.495,1.24276,1.2437401,1.2413399,1.24319,3614,0.0042886315
2004-02-03 01:22:39.754,1.243175,1.2455449,1.24289,1.24545,3416,0.023982044
2004-02-03 02:19:36.988,1.2453301,1.24615,1.24477,1.2451999,3746,0.0014490985
2004-02-03 03:22:04.080,1.245445,1.2468951,1.245155,1.246515,3564,0.013131792
2004-02-03 04:21:28.479,1.246555,1.2474,1.246095,1.2468951,3634,0.00408741
2004-02-03 05:22:03.536,1.24705,1.2472,1.2464099,1.24668,3614,0.0050255973
2004-02-03 06:22:20.738,1.2466199,1.251665,1.24623,1.25056,3665,0.03403668
2004-02-03 07:23:29.900,1.250535,1.2565601,1.2501299,1.2536199,3598,0.02521819
2004-02-03 08:23:29.216,1.25386,1.25548,1.25365,1.2542,3633,0.0035110526
2004-02-03 09:24:13.496,1.25417,1.2553351,1.2534499,1.2549601,3658,0.008137528
2004-02-03 10:25:17.304,1.2548499,1.25892,1.254525,1.25757,3594,0.023736706
2004-02-03 11:25:12.886,1.25752,1.259695,1.2558401,1.256215,3597,0.011370966
2004-02-03 12:25:11.006,1.2563651,1.2588301,1.2560201,1.2579,3441,0.014841111
2004-02-03 13:22:32.844,1.25791,1.25826,1.25437,1.2544701,3549,0.030302266
2004-02-03 14:21:42.181,1.254715,1.25754,1.25378,1.256875,3675,0.018114638
2004-02-03 15:22:59.408,1.25689,1.257295,1.254105,1.255465,2369,0.014707185
2004-02-03 16:02:28.884,1.2553301,1.2563,1.2551,1.2556651,234,0.0032313261
2004-02-03 16:06:23.756,1.255655,1.25593,1.25422,1.25506,218,0.006509493
2004-02-03 16:10:02.062,1.25512,1.25578,1.25475,1.2552149,365,0.00084047456
2004-02-03 16:16:07.955,1.255125,1.25572,1.2544601,1.2548599,374,0.0024788065
2004-02-03 16:22:22.748,1.2548399,1.2552199,1.25401,1.254805,280,0.0003932585
2004-02-03 16:27:03.328,1.254775,1.2555101,1.2543299,1.255005,426,0.002520129
2004-02-03 16:34:09.850,1.2550449,1.255795,1.2546899,1.255255,498,0.001843806
2004-02-03 16:42:28.500,1.255555,1.2556901,1.2544501,1.2549701,677,0.0061505795
2004-02-03 16:53:45.940,1.254885,1.25738,1.2548699,1.2554901,641,0.0050752386
2004-02-03 17:04:28.199,1.2562599,1.25649,1.2546699,1.2546699,745,0.015512946
2004-02-03 17:16:54.452,1.2546699,1.25582,1.2543099,1.25547,859,0.006327551
2004-02-03 17:31:13.906,1.2557199,1.25643,1.2548699,1.25579,938,0.0006750675
2004-02-03 17:46:52.927,1.2555399,1.25591,1.25445,1.254705,1008,0.009042436
2004-02-03 18:03:41.825,1.25454,1.25477,1.25225,1.253255,1309,0.010204014
2004-02-03 18:25:31.907,1.253085,1.25371,1.2528601,1.2532051,532,0.0013134503
2004-02-03 18:34:24.911,1.2532401,1.25371,1.2525201,1.2530401,798,0.0020574012
2004-02-03 18:47:43.853,1.25285,1.253325,1.25266,1.252875,557,0.00033054818
2004-02-03 18:57:01.167,1.25287,1.253615,1.25218,1.25306,552,0.0021472236
2004-02-03 19:06:18.312,1.25333,1.254315,1.2528901,1.25418,965,0.009013451
2004-02-03 19:22:24.113,1.254185,1.2546101,1.2536399,1.2543,1319,0.0012154892
2004-02-03 19:44:24.384,1.25428,1.25483,1.25297,1.25325,1424,0.010910496
2004-02-03 20:08:09.068,1.2532101,1.2539201,1.25283,1.253445,1863,0.00290012
2004-02-03 20:39:13.271,1.2533901,1.25363,1.25255,1.2529099,2531,0.004737876
2004-02-03 21:21:24.800,1.25307,1.2547901,1.25249,1.2546101,3645,0.019584063
2004-02-03 22:22:10.380,1.25467,1.2552199,1.25365,1.25485,3558,0.0019167155
2004-02-03 23:21:28.993,1.25482,1.25545,1.25261,1.2536199,3581,0.012566173
2004-02-04 00:21:12.518,1.25368,1.2539201,1.25157,1.2534001,3511,0.0029355432
2004-02-04 01:19:51.387,1.2534001,1.25371,1.25067,1.2512951,3504,0.020097014
2004-02-04 02:18:16.751,1.25127,1.25174,1.2505901,1.25085,3674,0.0051400084
2004-02-04 03:19:46.798,1.250875,1.2527101,1.25049,1.2527101,3462,0.018296262
2004-02-04 04:17:29.799,1.2525799,1.25419,1.25166,1.253435,3645,0.008317534
2004-02-04 05:18:16.247,1.25335,1.25511,1.2528,1.2545099,3555,0.011749959
2004-02-04 06:17:37.152,1.25439,1.255935,1.2536199,1.2550199,3588,0.0057300995
2004-02-04 07:17:25.518,1.2548101,1.25518,1.2523899,1.253,3653,0.017944979
2004-02-04 08:18:27.717,1.25285,1.2547951,1.25165,1.2537401,3664,0.008422017
2004-02-04 09:19:33.959,1.253755,1.25601,1.253435,1.25459,3638,0.0073275208
2004-02-04 10:20:19.795,1.2546,1.2553151,1.2539699,1.254535,3648,0.00073599786
2004-02-04 11:21:08.422,1.254395,1.25483,1.2529,1.253025,3630,0.015877314
2004-02-04 12:21:43.599,1.25317,1.2543099,1.2519,1.2536099,3581,0.004274643
2004-02-04 13:21:25.759,1.2539301,1.2546,1.2516,1.2539599,3527,0.00024070215
2004-02-04 14:20:15.578,1.25405,1.2541399,1.2492399,1.251605,3541,0.018373132
2004-02-04 15:19:18.447,1.25141,1.25232,1.250525,1.25224,2572,0.007824511
2004-02-04 16:02:11.210,1.25226,1.25312,1.25189,1.25279,225,0.004725966
2004-02-04 16:05:57.036,1.25285,1.2534001,1.25221,1.252465,227,0.0041910824
2004-02-04 16:09:44.880,1.252535,1.25334,1.25237,1.25291,353,0.004143759
2004-02-04 16:15:38.607,1.25261,1.25325,1.25228,1.25253,383,0.00095828803
2004-02-04 16:22:01.980,1.2525201,1.2529099,1.2521701,1.2526851,285,0.0017777047
2004-02-04 16:26:47.399,1.2526851,1.2533,1.2521801,1.2528,421,0.0011117903
2004-02-04 16:33:49.041,1.25264,1.25483,1.25264,1.2541349,498,0.019661212
2004-02-04 16:42:08.314,1.25407,1.2545099,1.25351,1.25436,647,0.0031265507
2004-02-04 16:53:01.465,1.25437,1.25575,1.25389,1.255125,635,0.0068550673
